"Symbol","Date","Open","High","Low","Close","Percent Change","Volume"
"NEPSE","2023-08-03","2088.56","2109.29","2083.92","2089.84","0.14","1781941701.81"
"NEPSE","2023-08-02","2078.6","2086.84","2062","2086.84","0.44","1812473856.13"
"NEPSE","2023-08-01","2106.06","2124.32","2070.33","2077.58","-1.35","1924434899.9"
"NEPSE","2023-07-31","2097.85","2126.57","2094.06","2106.18","0.27","1858002175.73"
"NEPSE","2023-07-30","2126.85","2138.67","2091.5","2100.34","-1.22","2502886527.87"
"NEPSE","2023-07-27","2155.49","2165.97","2124.32","2126.48","-1.37","2425780564.1"
"NEPSE","2023-07-26","2168.46","2186.49","2152.54","2156.2","-0.37","2432508769.57"
"NEPSE","2023-07-25","2202.99","2206.46","2162.55","2164.31","-1.64","2910732418.71"
"NEPSE","2023-07-24","2227.21","2244.13","2194.16","2200.5","-1.19","4737608810.44"
"NEPSE","2023-07-23","2166.47","2228.74","2166.44","2227.16","2.92","4375196232.8"
"NEPSE","2023-07-20","2165.7","2179.72","2152.82","2163.92","-0.06","3052410659.63"
"NEPSE","2023-07-19","2154.02","2174.63","2141.82","2165.24","0.52","3348679900.45"
"NEPSE","2023-07-18","2147.69","2171.13","2146.52","2154.07","0.46","3548829029.13"
"NEPSE","2023-07-17","2097.99","2144.6","2089.16","2144.16","2.24","2560191288.71"
"NEPSE","2023-07-16","2085.68","2105.67","2079.18","2097.09","0.58","2376427573.77"
"NEPSE","2023-07-13","2095.72","2121.83","2080.42","2084.93","-0.60","3390660605.31"
"NEPSE","2023-07-12","2072.24","2099.71","2072.24","2097.55","1.22","3187695774.34"
"NEPSE","2023-07-11","2078.25","2084.92","2064.52","2072.24","-0.23","2859490490.47"
"NEPSE","2023-07-10","2081.75","2102.09","2067.85","2076.96","-0.04","3797986583.25"
"NEPSE","2023-07-09","2050.36","2085.23","2049.69","2077.76","1.38","3042543961.01"
"NEPSE","2023-07-06","2050.28","2064.57","2033.43","2049.38","0.00","3077498315.3"
"NEPSE","2023-07-05","2090.38","2101.59","2046.55","2049.44","-1.88","3073992136.78"
"NEPSE","2023-07-04","2079.42","2104.38","2067.22","2088.7","0.61","2576140128.5"
"NEPSE","2023-07-03","2096.72","2113.74","2069.6","2075.97","-1.02","4051078375.44"
"NEPSE","2023-07-02","2154.8","2160.24","2094.07","2097.29","-2.50","5081976179.39"
"NEPSE","2023-06-28","2193.51","2205.97","2146.06","2150.99","-1.62","5972286481.45"
"NEPSE","2023-06-27","2132.61","2186.68","2132.48","2186.36","2.67","5476287740.48"
"NEPSE","2023-06-26","2124.01","2154.86","2120.42","2129.42","0.55","5312422087.27"
"NEPSE","2023-06-25","2057.37","2119.8","2057.37","2117.73","3.03","6490412665.89"
"NEPSE","2023-06-22","2054.62","2074.38","2042.28","2055.53","0.23","3444862501.6"
"NEPSE","2023-06-21","2067.21","2082.97","2043.84","2050.78","-0.68","3496822260.78"
"NEPSE","2023-06-20","2093.56","2117.3","2057.03","2064.83","-1.27","4110606953.97"
"NEPSE","2023-06-19","2097.53","2107.6","2075.21","2091.39","-0.14","4740608880.28"
"NEPSE","2023-06-18","2045.06","2094.33","2037.9","2094.33","2.56","4869184016.02"
"NEPSE","2023-06-15","2040.58","2050.03","2017.7","2042.07","0.25","3162810843.58"
"NEPSE","2023-06-14","2020.15","2067.1","2015.19","2037.06","0.81","5017807682.8"
"NEPSE","2023-06-13","1989.43","2034.8","1977.52","2020.64","1.72","4126695943.97"
"NEPSE","2023-06-12","1984.3638","2003.25","1972","1987.87","0.39","2886509415.69"
"NEPSE","2023-06-11","1941.52","1983.98","1941.24","1980.09","2.09","3454344563.91"
"NEPSE","2023-06-08","1933.4","1947.45","1920.65","1939.61","0.38","2305888931.72"
"NEPSE","2023-06-07","1929.16","1950.81","1928.13","1932.33","0.24","2368815635.92"
"NEPSE","2023-06-06","1902.75","1927.66","1893.61","1927.65","1.35","1981012701.99"
"NEPSE","2023-06-05","1922.13","1935.8","1899.54","1901.99","-0.91","1973491107.31"
"NEPSE","2023-06-04","1866.35","1925.11","1865.73","1919.37","2.84","1656340391.57"
"NEPSE","2023-06-01","1850.79","1877","1837.24","1866.34","0.89","1654648922.34"
"NEPSE","2023-05-31","1884.49","1893.84","1844.32","1849.79","-2.06","2315169571.94"
"NEPSE","2023-05-30","1944.03","1944.06","1884.91","1888.61","-2.74","2341777844.61"
"NEPSE","2023-05-28","1960.95","1977.57","1938.12","1941.74","-0.89","2639659499.7"
"NEPSE","2023-05-24","1943.81","1962.66","1928.16","1959.12","0.85","1873018024.09"
"NEPSE","2023-05-23","1891.37","1942.64","1891.37","1942.63","2.71","2200023945.87"
"NEPSE","2023-05-22","1883.45","1898.91","1866.08","1891.31","0.43","1278704726.38"
"NEPSE","2023-05-21","1878.68","1903.06","1874.4","1883.2","0.31","1600492731.53"
"NEPSE","2023-05-18","1846.69","1883.2","1844.5","1877.32","1.75","1474765388.21"
"NEPSE","2023-05-17","1821.54","1846.72","1821.02","1845.01","1.28","857624318.46"
"NEPSE","2023-05-16","1817.87","1827.77","1810.1","1821.6","0.18","640117260.52"
"NEPSE","2023-05-15","1821.81","1826.65","1807.53","1818.31","-0.18","724969980.4"
"NEPSE","2023-05-14","1840.82","1849.56","1818.08","1821.64","-0.92","900563856.25"
"NEPSE","2023-05-11","1840.05","1843.44","1831.2","1838.59","-0.18","578841593.52"
"NEPSE","2023-05-10","1845.64","1852.05","1835.61","1841.93","-0.13","589100077.12"
"NEPSE","2023-05-09","1831.64","1856.07","1828.99","1844.36","0.58","774760647.07"
"NEPSE","2023-05-08","1850.73","1854.21","1825.61","1833.69","-0.91","824217001.85"
"NEPSE","2023-05-07","1870.41","1872.22","1848.8","1850.61","-1.02","608135094.13"
"NEPSE","2023-05-04","1856.97","1875.26","1846.67","1869.73","0.69","732689811.89"
"NEPSE","2023-05-03","1866.6846","1868.35","1852.35","1857.23","-0.49","620266016.88"
"NEPSE","2023-05-02","1871.63","1878.96","1860.43","1866.4","-0.23","692271755.19"
"NEPSE","2023-04-30","1889.41","1890.34","1867.73","1870.65","-1.01","954322377.94"
"NEPSE","2023-04-27","1892.94","1895.17","1880.25","1889.73","-0.12","739650247.5"
"NEPSE","2023-04-26","1907.54","1913.28","1888.89","1892","-0.72","847028219.41"
"NEPSE","2023-04-25","1887.3","1905.73","1885.17","1905.68","0.92","885578270.76"
"NEPSE","2023-04-24","1885.77","1891.87","1875.14","1888.32","0.14","751330393.7"
"NEPSE","2023-04-23","1904.94","1906.66","1881.15","1885.6","-0.99","828534036.34"
"NEPSE","2023-04-20","1918.49","1928.76","1902.15","1904.4","-0.82","983367311"
"NEPSE","2023-04-19","1903.36","1924.4","1903.28","1920.12","0.79","872141116.12"
"NEPSE","2023-04-18","1905.96","1911.51","1892.82","1904.98","-0.16","870448151.88"
"NEPSE","2023-04-17","1931.84","1937.65","1904.39","1908.04","-1.22","920078571.12"
"NEPSE","2023-04-16","1934.51","1945.05","1918.52","1931.68","-0.14","974599061.51"
"NEPSE","2023-04-13","1973.09","1981.87","1928.93","1934.47","-1.48","1653334665.77"
"NEPSE","2023-04-12","1871.46","1963.89","1871.46","1963.55","4.93","1976076732.34"
"NEPSE","2023-04-11","1845.65","1872.11","1844.41","1871.33","1.48","945249179.36"
"NEPSE","2023-04-10","1837.65","1851.49","1833.08","1844.02","0.30","911976049.12"
"NEPSE","2023-04-09","1867.47","1869.43","1833.68","1838.48","-1.52","1159448411.72"
"NEPSE","2023-04-06","1875.88","1889.07","1863.66","1866.79","-0.44","920686094.33"
"NEPSE","2023-04-05","1866.83","1878.77","1857.54","1875.07","0.45","816046790"
"NEPSE","2023-04-04","1872.65","1880.46","1856.35","1866.68","-0.28","917610296.04"
"NEPSE","2023-04-03","1888.61","1892.03","1865.96","1871.88","-0.88","920249011.54"
"NEPSE","2023-04-02","1910.49","1928.66","1883.2","1888.55","-1.05","1207122600.13"
"NEPSE","2023-03-30","1920.01","1932.68","1905.12","1908.55","-0.57","899532139.4"
"NEPSE","2023-03-29","1920.09","1922.04","1901.62","1919.42","0.05","816219129.76"
"NEPSE","2023-03-28","1910.35","1936.48","1906.4","1918.1","0.63","1443713878.31"
"NEPSE","2023-03-27","1885.65","1907.04","1864.91","1906","0.94","1382767991.84"
"NEPSE","2023-03-26","1915.32","1915.41","1881.07","1888.27","-1.40","1289371531.03"
"NEPSE","2023-03-23","1933.11","1933.56","1905.96","1915.14","-0.94","1413172802.5"
"NEPSE","2023-03-22","1952.19","1962.94","1929.49","1933.29","-0.81","1333719929.67"
"NEPSE","2023-03-20","1926.28","1949.17","1925.41","1949.06","1.18","1298583988.29"
"NEPSE","2023-03-19","1933.23","1939.43","1922.22","1926.4","-0.36","1069804825.13"
"NEPSE","2023-03-16","1938.62","1946.77","1919.93","1933.31","-0.27","1141455062.5"
"NEPSE","2023-03-15","1953.96","1956.37","1926.57","1938.62","-0.74","1202141882.65"
"NEPSE","2023-03-14","1950.41","1965.19","1939.32","1953.06","0.09","1135925357.91"
"NEPSE","2023-03-13","1975.43","1977.52","1944.42","1951.21","-1.25","1162503515.16"
"NEPSE","2023-03-12","2008.26","2017.3","1970.67","1975.89","-1.34","1666931510.75"
"NEPSE","2023-03-09","1955.57","2002.99","1955.55","2002.7","2.56","1565558802.91"
"NEPSE","2023-03-07","1937.43","1964.08","1937.43","1952.66","0.74","1204409411.62"
"NEPSE","2023-03-05","1967.4925","1975.93","1935.21","1938.25","-1.56","1392354893.48"
"NEPSE","2023-03-02","1995.3373","1996.4712","1966.9105","1967.4503","-1.41","28656085.5"
"NEPSE","2023-03-01","2020.72","2024.7","1994.46","1995.49","-1.21","1288363424.63"
"NEPSE","2023-02-28","2024.82","2033.7","2013.25","2019.93","-0.18","1387865515.75"
"NEPSE","2023-02-27","2029.23","2043.99","1990.27","2023.54","-0.18","1893736365.84"
"NEPSE","2023-02-26","2016.54","2029.66","1961.24","2027.19","0.22","2525071806.13"
"NEPSE","2023-02-23","2078.48","2078.48","2014.6","2022.64","-2.78","2522713153.88"
"NEPSE","2023-02-22","2049.65","2084.04","2048.11","2080.38","1.64","1803282180.68"
"NEPSE","2023-02-20","2069.67","2069.78","2040.18","2046.81","-1.14","1947623993.42"
"NEPSE","2023-02-16","2090.49","2099.43","2066.78","2070.41","-1.01","1684942096.45"
"NEPSE","2023-02-15","2105.03","2117.84","2086.78","2091.56","-0.66","1732575202.79"
"NEPSE","2023-02-14","2122.41","2122.56","2100.57","2105.46","-0.77","1787016372.71"
"NEPSE","2023-02-12","2181.2","2181.2","2117.67","2121.75","-2.79","3047739812.93"
"NEPSE","2023-02-09","2171.17","2183.75","2153.31","2182.61","0.57","2062058749.14"
"NEPSE","2023-02-08","2181.62","2213.89","2161","2170.21","-0.33","3691972817.15"
"NEPSE","2023-02-07","2100.12","2177.75","2099.03","2177.34","3.65","3362267078.75"
"NEPSE","2023-02-06","2096.32","2102.7","2087.2","2100.7","0.22","1474161645.6"
"NEPSE","2023-02-05","2096.7","2118.27","2087.69","2096.08","0.07","1931719103.93"
"NEPSE","2023-02-02","2118.56","2126.14","2090.14","2094.54","-1.04","2096419161.88"
"NEPSE","2023-02-01","2111.44","2124.3","2104.48","2116.65","0.24","1767051916"
"NEPSE","2023-01-31","2130.29","2136.44","2107.77","2111.68","-0.74","2824540406.61"
"NEPSE","2023-01-30","2166.31","2174.66","2124.83","2127.52","-1.89","3302201825.93"
"NEPSE","2023-01-29","2185.46","2192.85","2163.89","2168.53","-0.67","3017063956.47"
"NEPSE","2023-01-26","2186.5","2201.64","2177.99","2183.21","-0.02","2860082839.03"
"NEPSE","2023-01-25","2175.67","2199.93","2175.13","2183.62","0.48","3466508338.64"
"NEPSE","2023-01-24","2166.05","2173.24","2139.89","2173.25","0.38","3003230039.44"
"NEPSE","2023-01-23","2184.77","2203.13","2162.83","2165.1","-0.63","3864008973.69"
"NEPSE","2023-01-19","2175.3","2192.71","2163.14","2178.81","0.26","3044529329.67"
"NEPSE","2023-01-18","2185.73","2214.78","2166.35","2173.1","-0.41","4928714602.65"
"NEPSE","2023-01-17","2152.05","2187.79","2136.38","2182.11","1.52","3724794587.76"
"NEPSE","2023-01-12","2203.84","2237.37","2143.97","2149.39","-1.87","5477624724.37"
"NEPSE","2023-01-10","2215.35","2277.61","2178.19","2190.42","-0.97","7658823579.86"
"NEPSE","2023-01-09","2171.46","2211.77","2161.03","2211.76","2.18","5314307853.43"
"NEPSE","2023-01-08","2148.93","2191.69","2126.47","2164.61","0.96","5459925001.19"
"NEPSE","2023-01-05","2134.88","2160.73","2113.32","2143.93","0.84","5040740937.09"
"NEPSE","2023-01-04","2069.34","2126.04","2066.57","2125.84","3.14","3501142097.43"
"NEPSE","2023-01-03","2066.02","2081.53","2050.57","2061.06","-0.15","3458089787.92"
"NEPSE","2023-01-02","2047.46","2070.58","2028.32","2064.09","0.87","2960927440.67"
"NEPSE","2023-01-01","2037.21","2083.19","2030.25","2046.26","0.85","4048879510.19"
"NEPSE","2022-12-29","1973.18","2029.11","1962.42","2029.03","2.88","2860345781.68"
"NEPSE","2022-12-28","1991.81","1994.33","1961.57","1972.15","-0.60","2153547207.91"
"NEPSE","2022-12-27","1928.81","1999.01","1928.81","1983.95","3.11","3884396997.98"
"NEPSE","2022-12-26","1868.18","1924.09","1866.37","1924.09","3.05","2097049941.35"
"NEPSE","2022-12-22","1864.41","1867.21","1850.58","1867.21","0.00","1119797921.31"
"NEPSE","2022-12-21","1874.85","1883.09","1864.7","1867.22","-0.31","863816561.06"
"NEPSE","2022-12-20","1859.72","1881.21","1858.57","1873.11","0.76","930839901.14"
"NEPSE","2022-12-19","1855.19","1865.18","1849.19","1858.89","0.21","886098568.38"
"NEPSE","2022-12-18","1883.65","1883.82","1850.96","1855.06","-1.46","1157155099.09"
"NEPSE","2022-12-15","1897.34","1899","1880.16","1882.6","-0.76","1192616187.82"
"NEPSE","2022-12-14","1900.61","1906.04","1893.01","1897.08","-0.14","727877897.36"
"NEPSE","2022-12-13","1900.23","1904.75","1888.82","1899.7","-0.13","777089165.15"
"NEPSE","2022-12-12","1884.22","1902.42","1868.65","1902.27","0.90","1366010464.02"
"NEPSE","2022-12-11","1916.04","1918.51","1883.09","1885.31","-1.67","1103404045.08"
"NEPSE","2022-12-07","1935.08","1936.39","1916.19","1917.28","-0.86","1654662550.99"
"NEPSE","2022-12-06","1941.08","1944.11","1922.13","1933.88","-0.25","965210899.14"
"NEPSE","2022-12-05","1964.79","1965.77","1935.65","1938.76","-1.25","1670455034.63"
"NEPSE","2022-12-04","1961.07","1973.55","1957.18","1963.22","0.11","1561702992.01"
"NEPSE","2022-12-01","1949.48","1969.02","1941.58","1961.06","0.58","1322972185.65"
"NEPSE","2022-11-30","1953.07","1955.6","1942.95","1949.85","-0.18","842695301.99"
"NEPSE","2022-11-29","1951.31","1957.88","1933.64","1953.35","0.15","957060225.96"
"NEPSE","2022-11-28","1968.93","1980.26","1947.37","1950.37","-0.79","1494394613.66"
"NEPSE","2022-11-27","1934.45","1965.98","1934.41","1965.98","1.68","2025489052.14"
"NEPSE","2022-11-24","1922.72","1933.55","1916.35","1933.55","0.60","925174380.45"
"NEPSE","2022-11-23","1931.01","1933.93","1913.09","1921.99","-0.40","1022293552.83"
"NEPSE","2022-11-22","1938.47","1961.28","1926.39","1929.7","-0.37","1352885779.65"
"NEPSE","2022-11-17","1912.24","1939.59","1912.04","1936.83","1.34","1715419286.42"
"NEPSE","2022-11-16","1898.7","1914.38","1898.7","1911.26","0.71","859468158.3"
"NEPSE","2022-11-15","1905.21","1919.8","1895.89","1897.86","-0.35","1023609960.42"
"NEPSE","2022-11-14","1883.58","1904.5","1879.36","1904.45","1.13","26168768.7"
"NEPSE","2022-11-13","1892.94","1901.31","1879.58","1883.16","-0.56","774911706.65"
"NEPSE","2022-11-10","1919.1","1929.01","1889.64","1893.7","-1.23","1119461411.4"
"NEPSE","2022-11-09","1957.76","1967.8","1914.27","1917.22","-2.00","0"
"NEPSE","2022-11-08","1959.22","1966.41","1948.35","1956.36","-0.13","1053137466.97"
"NEPSE","2022-11-07","1968.07","1987.32","1955.28","1958.94","-0.33","2109163383.69"
"NEPSE","2022-11-06","1924.2","1965.7","1919.24","1965.36","2.25","1548032561.21"
"NEPSE","2022-11-03","1939.5","1940.61","1918.84","1922.16","-0.83","898907829.98"
"NEPSE","2022-11-02","1933.24","1956.61","1916.32","1938.3","0.38","1467914875.04"
"NEPSE","2022-11-01","1876.55","1931.54","1871.77","1930.99","2.99","1290664641.8"
"NEPSE","2022-10-31","1860.39","1874.88","1856.93","1874.87","0.88","10864364.15"
"NEPSE","2022-10-23","1844.5","1858.57","1843.8","1858.49","0.78","516803483.6"
"NEPSE","2022-10-20","1845.38","1849.86","1834.31","1844.14","-0.07","507689560.53"
"NEPSE","2022-10-19","1858.03","1861.93","1840.5","1845.51","-0.69","643607975.26"
"NEPSE","2022-10-17","1861.55","1864.74","1854.24","1858.33","-0.14","515818989.83"
"NEPSE","2022-10-16","1871.09","1872.52","1852.74","1860.94","-0.52","803525533.18"
"NEPSE","2022-10-13","1866.54","1878.16","1860.85","1870.63","0.22","829646920.43"
"NEPSE","2022-10-12","1854.57","1872.86","1848.13","1866.48","0.61","691737893.98"
"NEPSE","2022-10-11","1871.28","1871.28","1849.8","1855.16","-0.86","552809984.5"
"NEPSE","2022-10-10","1901.25","1908.58","1866.83","1871.22","-1.43","971767714.44"
"NEPSE","2022-10-09","1854.57","1898.45","1854.542","1898.38","2.41","32308156.1"
"NEPSE","2022-09-29","1836.84","1853.8","1835.95","1853.76","0.89","18117759.15"
"NEPSE","2022-09-28","1831.24","1845.69","1831.23","1837.46","0.35","485408767.82"
"NEPSE","2022-09-27","1814.71","1842.05","1814.68","1831.05","0.88","663013000.45"
"NEPSE","2022-09-25","1838","1838.67","1811.32","1815.13","-1.30","1072480097.24"
"NEPSE","2022-09-22","1848.79","1856.02","1836.17","1838.96","-0.53","655705169.42"
"NEPSE","2022-09-21","1838.4","1862.48","1838.14","1848.82","0.61","11527067.9"
"NEPSE","2022-09-20","1875.41","1877.65","1833.55","1837.6","-2.07","1229669722.27"
"NEPSE","2022-09-18","1910.2","1911.57","1874.14","1876.41","-1.78","1601822954.98"
"NEPSE","2022-09-16","1921.05","1921.05","1886.72","1910.38","-0.73","908186487.98"
"NEPSE","2022-09-15","1983.26","1989.84","1920.38","1924.48","-2.88","2125655787.39"
"NEPSE","2022-09-14","1936.37","1984.12","1936.34","1981.48","2.45","1453824649.96"
"NEPSE","2022-09-13","1913.41","1940.85","1913.2","1934.04","1.11","922574409.66"
"NEPSE","2022-09-12","1926.45","1928.71","1906.75","1912.74","-0.70","831603650.57"
"NEPSE","2022-09-11","1938.2","1946.42","1922","1926.28","-0.59","747226625.36"
"NEPSE","2022-09-08","1940.19","1947.91","1925.22","1937.74","-0.11","1044440646.77"
"NEPSE","2022-09-07","1951.21","1955.97","1933.29","1939.88","-0.61","826230582.9"
"NEPSE","2022-09-06","1974.13","1978","1947.21","1951.79","-1.08","23520909.4"
"NEPSE","2022-09-05","1978.3","1987.57","1970.68","1973.01","-0.22","909904751.02"
"NEPSE","2022-09-04","1971.86","1988.38","1969.48","1977.3","0.34","1071615922.48"
"NEPSE","2022-09-02","1970.78","1984.88","1964.8","1970.62","-0.08","698805950.93"
"NEPSE","2022-09-01","1972.98","1982.34","1953.58","1972.29","-0.05","1383462162.06"
"NEPSE","2022-08-31","1993.38","1996.89","1968.41","1973.38","-1.10","1126217861.98"
"NEPSE","2022-08-30","1993.47","2012.18","1987.39","1995.21","0.11","1019516696.19"
"NEPSE","2022-08-29","1989.37","1995.78","1975.07","1993.02","0.19","1266619150.42"
"NEPSE","2022-08-28","2022.32","2022.76","1987.04","1989.26","-1.65","2059737103.36"
"NEPSE","2022-08-26","2040.47","2040.46","2018.18","2022.62","-0.83","1294832820.01"
"NEPSE","2022-08-25","2058.01","2068.55","2035.69","2039.55","-0.89","1717469670.13"
"NEPSE","2022-08-24","2054.99","2073.54","2052.13","2057.85","0.14","1526186217.86"
"NEPSE","2022-08-23","2053.35","2060.21","2048.8","2054.95","0.09","1333560857.3"
"NEPSE","2022-08-22","2061.03","2065.81","2043.72","2053.13","-0.36","1726287429.59"
"NEPSE","2022-08-21","2070.06","2089.25","2055.78","2060.55","-0.37","2047093688.57"
"NEPSE","2022-08-18","2041.71","2072.37","2041.71","2068.26","1.35","2057980056.55"
"NEPSE","2022-08-17","2043.62","2053.09","2035.38","2040.7","-0.02","1405974256.3"
"NEPSE","2022-08-16","2069.38","2088.23","2035.47","2041.06","-1.20","2734853057.66"
"NEPSE","2022-08-15","2007.19","2065.9","2007.19","2065.89","2.78","2432984611.9"
"NEPSE","2022-08-14","2035.32","2043.03","2007.68","2010.01","-1.37","1873281897.06"
"NEPSE","2022-08-11","2059.83","2074.73","2036.8","2037.92","-0.92","1761023038.84"
"NEPSE","2022-08-10","2064.39","2074.92","2042.62","2056.88","-0.29","1935520146.52"
"NEPSE","2022-08-09","2109.79","2112.71","2060.31","2062.8","-2.06","2815144598.32"
"NEPSE","2022-08-08","2128.19","2140.26","2102.25","2106.15","-0.83","2857072961.4"
"NEPSE","2022-08-07","2109.41","2133.62","2107.49","2123.82","0.49","2673338232.36"
"NEPSE","2022-08-05","2150.47","2150.58","2108.34","2113.3","-1.62","2626154947.8"
"NEPSE","2022-08-04","2191.49","2193.35","2147.7","2148.16","-1.77","3768079173.01"
"NEPSE","2022-08-03","2196.13","2214.05","2183.09","2186.77","-0.31","4029931439.76"
"NEPSE","2022-08-02","2198.06","2202.88","2170.25","2193.43","-0.13","3293234705.73"
"NEPSE","2022-08-01","2205.77","2224.48","2183.22","2196.25","0.05","4670798756.4"
"NEPSE","2022-07-31","2142.31","2195.35","2142.3","2195.1","2.55","4609971271.66"
"NEPSE","2022-07-29","2130.32","2147.63","2117.31","2140.39","0.61","2191619914.28"
"NEPSE","2022-07-28","2113.35","2156.39","2105.7","2127.42","0.73","4976433105.03"
"NEPSE","2022-07-27","2089.01","2112.11","2065.96","2111.99","1.14","3161455141.99"
"NEPSE","2022-07-26","2134.14","2141.61","2085.83","2088.16","-2.10","3704998398.24"
"NEPSE","2022-07-25","2081.98","2134.62","2081.65","2132.96","2.62","4106818941.37"
"NEPSE","2022-07-24","2027.8","2078.51","2027.66","2078.51","3.03","2730937196.52"
"NEPSE","2022-07-22","2046.62","2047.29","2013.46","2017.46","-1.33","1443432770.47"
"NEPSE","2022-07-21","2052.95","2066.07","2038.33","2044.72","-0.29","1642648586.5"
"NEPSE","2022-07-20","2046.21","2061.56","2033.28","2050.59","0.24","1731832270.05"
"NEPSE","2022-07-19","2029.71","2062.36","2028.17","2045.63","0.80","2299316326.29"
"NEPSE","2022-07-18","2011.71","2029.46","2000.14","2029.43","0.90","1312962959.62"
"NEPSE","2022-07-17","2010.92","2018.97","1994.75","2011.39","0.10","1232488082.72"
"NEPSE","2022-07-15","2002.96","2009.89","1989.19","2009.46","0.40","1456259832.87"
"NEPSE","2022-07-14","1987.32","2012.16","1977.14","2001.53","0.74","2411834599.35"
"NEPSE","2022-07-13","1928.5","1986.82","1928.5","1986.82","3.09","2044443007.47"
"NEPSE","2022-07-12","1916.41","1947.54","1908.59","1927.28","0.61","1707752977.83"
"NEPSE","2022-07-11","1993.33","1993.55","1912.49","1915.61","-3.86","2325641022.26"
"NEPSE","2022-07-08","2031.87","2033.4","1988.43","1992.61","-1.71","1168451395.02"
"NEPSE","2022-07-07","2051.5","2080.96","2023.01","2027.32","-0.81","1806204764.99"
"NEPSE","2022-07-06","2036.46","2047.37","1994.54","2043.92","0.66","2178655700.71"
"NEPSE","2022-07-05","2078.63","2091.88","2025.57","2030.59","-2.22","2968485223.95"
"NEPSE","2022-07-04","2095.62","2148.61","2059","2076.67","-0.47","4349273593.21"
"NEPSE","2022-07-03","2028.79","2086.38","2020.96","2086.38","2.84","2480473998.9"
"NEPSE","2022-07-01","2041.94","2053.98","2015.56","2028.77","-0.44","1459312015.14"
"NEPSE","2022-06-30","1966.86","2037.64","1966.85","2037.64","3.82","2458619494.89"
"NEPSE","2022-06-29","1924.91","1963.77","1915.19","1962.71","2.15","1431400640.64"
"NEPSE","2022-06-28","1935.54","1936.01","1908.74","1921.31","-0.61","1058263522.26"
"NEPSE","2022-06-27","1967.3","1987.59","1931.17","1933.13","-1.22","2044831947.71"
"NEPSE","2022-06-26","1863.47","1957.09","1863.43","1956.98","5.10","2196141848.83"
"NEPSE","2022-06-24","1848.38","1879.45","1806.95","1862.06","0.75","1151208031.19"
"NEPSE","2022-06-23","1889.4","1889.4","1835.88","1848.28","-2.39","1499709634.92"
"NEPSE","2022-06-22","1925.46","1926.99","1889.7","1893.53","-1.62","843773459.03"
"NEPSE","2022-06-21","1884.25","1931.91","1877.8","1924.74","2.12","1253757714.92"
"NEPSE","2022-06-20","1934.03","1934.64","1879.69","1884.81","-2.55","1750600171.42"
"NEPSE","2022-06-19","1971.84","1974.22","1928.19","1934.11","-1.89","1134091212.36"
"NEPSE","2022-06-17","1981.21","1991.58","1966.85","1971.36","-0.38","736312157.99"
"NEPSE","2022-06-16","1966.89","1993.95","1950.76","1978.94","0.64","1187145518.65"
"NEPSE","2022-06-15","1999.05","1999.08","1945.42","1966.37","-1.50","1491758817.38"
"NEPSE","2022-06-14","2032.53","2034.81","1990.32","1996.26","-1.78","1185546179.44"
"NEPSE","2022-06-13","2049.31","2052.47","2027.05","2032.34","-0.77","998674262.44"
"NEPSE","2022-06-10","2067.76","2070.01","2036.55","2048.16","-0.71","894124114.1"
"NEPSE","2022-06-09","2082.45","2115.6","2058.28","2062.8","-0.85","1472690554.25"
"NEPSE","2022-06-08","2019.54","2096.18","2017.25","2080.44","2.98","1640356608.05"
"NEPSE","2022-06-07","2065.19","2065.19","2016.78","2020.23","-2.21","1312806562.65"
"NEPSE","2022-06-06","2079.6","2093.95","2054.13","2065.82","-0.62","1273385276.83"
"NEPSE","2022-06-03","2113.13","2117.4","2071.93","2078.7","-1.60","1307359540.81"
"NEPSE","2022-06-02","2130.35","2142.65","2107.77","2112.47","-0.86","1161514168.66"
"NEPSE","2022-06-01","2138.06","2154.58","2119.41","2130.71","-0.34","1078484181.95"
"NEPSE","2022-05-31","2172.02","2172.01","2126.39","2137.92","-1.63","1317699089.63"
"NEPSE","2022-05-30","2227.43","2233.54","2173.44","2173.44","-2.26","1338856282.37"
"NEPSE","2022-05-27","2242.46","2250.69","2214.64","2223.78","-0.71","1298905589.58"
"NEPSE","2022-05-26","2240.61","2245.42","2222.89","2239.6","0.36","889834908.6"
"NEPSE","2022-05-25","2222.49","2243.57","2222.01","2231.57","0.65","1044626939.46"
"NEPSE","2022-05-24","2203.14","2227.87","2190.52","2217.19","0.74","1088833541.73"
"NEPSE","2022-05-23","2241.26","2249.62","2191.03","2200.88","-1.53","1369513191.5"
"NEPSE","2022-05-20","2251.49","2258.51","2231.33","2235.09","-0.70","932206084.34"
"NEPSE","2022-05-19","2274.8","2282.88","2247.6","2250.91","-1.03","1300981996.44"
"NEPSE","2022-05-18","2262.99","2281.96","2237.98","2274.42","0.39","1326320346.01"
"NEPSE","2022-05-17","2350.43","2350.43","2263.3","2265.52","-3.61","1644096192.86"
"NEPSE","2022-05-12","2373.38","2389.07","2343.33","2350.42","-0.79","2328434272.93"
"NEPSE","2022-05-11","2313.28","2369.17","2313.28","2369.06","2.42","2163990743.33"
"NEPSE","2022-05-10","2269.36","2314.63","2268.76","2313","1.95","1356687468.5"
"NEPSE","2022-05-09","2263.06","2289.84","2255.45","2268.84","0.54","1390607701.94"
"NEPSE","2022-05-08","2238.81","2256.64","2204.37","2256.57","0.80","1326421671.7"
"NEPSE","2022-05-05","2275.43","2275.42","2225.79","2238.62","-1.63","1654561472.54"
"NEPSE","2022-05-04","2310.51","2312.07","2269.73","2275.68","-1.38","1269219421.49"
"NEPSE","2022-05-02","2358.24","2359.4","2303.26","2307.44","-2.07","1423498292.37"
"NEPSE","2022-04-28","2380.16","2390.27","2351.48","2356.17","-0.84","1496246808.2"
"NEPSE","2022-04-27","2373.1","2376.63","2348.57","2376.17","0.22","1089992035.93"
"NEPSE","2022-04-26","2386.04","2402.23","2358.76","2370.99","-0.63","1046014417.21"
"NEPSE","2022-04-25","2423.74","2444.55","2381.93","2386.01","-1.44","2042253182.3"
"NEPSE","2022-04-24","2331.51","2430.28","2331.51","2420.91","4.11","2531275592.85"
"NEPSE","2022-04-21","2327.08","2333.93","2286.6","2325.45","0.21","1629168847.9"
"NEPSE","2022-04-20","2364.47","2367.25","2316.69","2320.51","-1.56","1458737755.46"
"NEPSE","2022-04-19","2347.21","2372.32","2314.42","2357.24","0.57","1326865931.84"
"NEPSE","2022-04-18","2386.66","2387.51","2341.92","2343.87","-1.75","1530692955.68"
"NEPSE","2022-04-17","2422.34","2437.67","2379.53","2385.64","-1.23","1440723182.32"
"NEPSE","2022-04-13","2385.24","2415.35","2366.94","2415.24","1.27","1476318104.45"
"NEPSE","2022-04-12","2424.71","2428.8","2379.48","2385.02","-1.44","1524364418.11"
"NEPSE","2022-04-11","2471.81","2510.13","2415.9","2419.71","-1.81","2260786628.14"
"NEPSE","2022-04-07","2427.97","2476.37","2427.71","2464.31","1.47","2121511279.53"
"NEPSE","2022-04-06","2451.81","2458.35","2416.38","2428.75","-0.95","1995964384.22"
"NEPSE","2022-04-05","2507.77","2507.77","2434.27","2452.06","-1.86","2671232388.39"
"NEPSE","2022-04-04","2517.41","2525.54","2495.84","2497.47","-0.63","1584671562.02"
"NEPSE","2022-04-03","2544.48","2547.04","2509.76","2513.41","-1.21","1460773729.18"
"NEPSE","2022-03-31","2568.76","2584.54","2538.13","2544.3","-0.93","1890164686.4"
"NEPSE","2022-03-30","2527.77","2568.25","2515.8","2568.25","1.61","2250117296.35"
"NEPSE","2022-03-29","2542.65","2562.4","2519.89","2527.58","-0.56","1750628199.3"
"NEPSE","2022-03-28","2574.12","2580.3","2538.42","2541.84","-1.18","0"
"NEPSE","2022-03-28","2574.12","2580.33","2537.87","2542.28","-1.17","2545321813.94"
"NEPSE","2022-03-27","2623.2","2642.32","2567.75","2572.23","-1.59","4989514415.78"
"NEPSE","2022-03-24","2630.93","2639.01","2611.18","2613.67","-0.63","3248943824.65"
"NEPSE","2022-03-23","2651.41","2654.48","2622.69","2630.36","-0.77","2046352547.24"
"NEPSE","2022-03-22","2634.42","2658.05","2634.41","2650.7","0.61","2518894178.3"
"NEPSE","2022-03-21","2620.13","2634.66","2600.92","2634.65","0.69","2592718131.45"
"NEPSE","2022-03-20","2634.11","2644.46","2607.74","2616.58","-0.56","2274626190.52"
"NEPSE","2022-03-16","2653.57","2661.28","2625.96","2631.32","-0.74","2570401188.09"
"NEPSE","2022-03-15","2673.55","2677.36","2637.15","2650.97","-0.64","3364229175.36"
"NEPSE","2022-03-14","2677.97","2683.41","2650.23","2668.11","0.01","1342232838.5"
"NEPSE","2022-03-13","2575.27","2667.97","2575.21","2667.97","3.94","4870715387.13"
"NEPSE","2022-03-10","2512.04","2566.9","2498.45","2566.9","2.08","2780216427.2"
"NEPSE","2022-03-09","2542.42","2557.55","2504.37","2514.58","-1.19","2352317142.04"
"NEPSE","2022-03-07","2542.66","2566.63","2538.28","2544.93","0.06","2600930402.62"
"NEPSE","2022-03-06","2542.57","2568.62","2527.97","2543.39","-0.14","2493241272.52"
"NEPSE","2022-03-02","2612.51","2612.5","2542.1","2547.04","-2.43","3621143979.33"
"NEPSE","2022-02-28","2662.26","2683.75","2606.62","2610.6","-1.62","3660189867.56"
"NEPSE","2022-02-27","2660.39","2680.39","2638.01","2653.7","-0.29","3273065909.76"
"NEPSE","2022-02-24","2715.44","2715.82","2654.37","2661.44","-2.17","4293864191.66"
"NEPSE","2022-02-23","2732.48","2747.56","2715.91","2720.43","-0.57","3131210281.89"
"NEPSE","2022-02-22","2719.89","2750.3","2719.88","2735.93","0.64","3212887822.12"
"NEPSE","2022-02-21","2695.26","2719.07","2693.83","2718.51","0.94","2997681072.21"
"NEPSE","2022-02-20","2713.52","2715.82","2669.32","2693.1","-1.44","4086474828.32"
"NEPSE","2022-02-17","2735.33","2745.37","2723.17","2732.52","-0.07","2278173660.06"
"NEPSE","2022-02-16","2759.37","2772.11","2725.16","2734.44","-0.72","3026330784.14"
"NEPSE","2022-02-15","2703.35","2754.5","2703.27","2754.29","1.97","3233318614.48"
"NEPSE","2022-02-14","2697.37","2729.26","2694.31","2700.98","0.00","3684009915.07"
"NEPSE","2022-02-13","2783.89","2784.19","2696.65","2700.89","-3.59","5977214730.64"
"NEPSE","2022-02-10","2813.33","2825.34","2790.9","2801.56","-0.43","3829533349.64"
"NEPSE","2022-02-09","2837.33","2837.35","2799.96","2813.52","-0.78","3471109182.03"
"NEPSE","2022-02-08","2877.58","2921.35","2825.96","2835.58","-0.57","6287217985.34"
"NEPSE","2022-02-07","2834.26","2853.78","2822.52","2851.86","0.49","5022017180.72"
"NEPSE","2022-02-06","2877.04","2877.04","2829.1","2836.17","-1.41","5836414510.47"
"NEPSE","2022-02-03","2898.61","2925.05","2870.64","2876.74","-0.50","8612174162.02"
"NEPSE","2022-02-01","2875.74","2897.18","2855.95","2891.3","0.67","6574842418.11"
"NEPSE","2022-01-31","2895.77","2909.13","2860.7","2871.05","-0.50","5154177598.09"
"NEPSE","2022-01-30","2805.01","2885.62","2805.01","2885.53","3.80","6324274038.57"
"NEPSE","2022-01-27","2778.89","2804.07","2776.74","2779.98","0.12","3343413684.03"
"NEPSE","2022-01-26","2817.17","2819.74","2760.88","2776.65","-1.36","4313154042.17"
"NEPSE","2022-01-25","2827.75","2857.91","2781.01","2815.06","0.20","5395672627.02"
"NEPSE","2022-01-24","2926.12","2926.21","2803.72","2820.65","-3.42","8888513177.57"
"NEPSE","2022-01-23","2942.97","2962.44","2906.19","2920.51","-0.37","7030508262.97"
"NEPSE","2022-01-20","2901.51","2936.58","2884","2931.34","1.14","5773120409.18"
"NEPSE","2022-01-19","2945.63","2952.57","2889.18","2898.31","-1.31","6021311881.03"
"NEPSE","2022-01-18","2953.11","2981.92","2915.56","2936.66","-0.37","8443419561.86"
"NEPSE","2022-01-17","2944.92","2956.11","2907.19","2947.38","0.71","7901890668.04"
"NEPSE","2022-01-16","2873.42","2940.13","2873.41","2926.74","2.41","9676317059.06"
"NEPSE","2022-01-13","2808.8","2858.2","2802.49","2857.75","1.93","6669748567.76"
"NEPSE","2022-01-12","2839.87","2874.89","2796.61","2803.62","-1.08","8033212742"
"NEPSE","2022-01-11","2792.64","2848.26","2771.15","2834.13","1.77","6724526197.51"
"NEPSE","2022-01-10","2772.09","2806.74","2755.79","2784.95","0.70","7123424035.13"
"NEPSE","2022-01-09","2699.88","2770.55","2699.88","2765.47","2.71","7101831591.11"
"NEPSE","2022-01-06","2647.76","2692.76","2633.31","2692.47","1.63","3676846349.3"
"NEPSE","2022-01-05","2687.75","2700.29","2640.97","2649.2","-1.15","4621598582.71"
"NEPSE","2022-01-04","2619.22","2679.95","2593.9","2679.95","2.30","4320269827.53"
"NEPSE","2022-01-03","2595.22","2634.86","2593.92","2616.94","1.12","4533017178.58"
"NEPSE","2022-01-02","2538.25","2585.01","2528.75","2584.91","2.39","4126980067.53"
"NEPSE","2021-12-29","2520.55","2538.78","2512.41","2524.5","0.22","3623480291.76"
"NEPSE","2021-12-28","2523.87","2533.63","2486.05","2518.99","-0.11","3125575631.56"
"NEPSE","2021-12-27","2600.21","2616.27","2518.16","2521.65","-2.69","5607439670.68"
"NEPSE","2021-12-26","2531.43","2596.43","2531.15","2591.42","2.82","5173200503.38"
"NEPSE","2021-12-23","2522.51","2542.29","2485.38","2520.23","0.50","4490266410.23"
"NEPSE","2021-12-22","2425.05","2509.27","2424.38","2507.7","3.82","4523338143.26"
"NEPSE","2021-12-21","2360.33","2415.55","2360.32","2415.55","2.41","2383259846.99"
"NEPSE","2021-12-20","2390.81","2390.81","2346.6","2358.81","-0.75","2464689862.61"
"NEPSE","2021-12-16","2415.77","2418.87","2371.73","2376.74","-1.57","2301751967.91"
"NEPSE","2021-12-15","2433.2","2493.07","2379.09","2414.62","-0.17","4588390677.73"
"NEPSE","2021-12-14","2283.67","2418.84","2283.67","2418.85","6.01","1842647144.18"
"NEPSE","2021-12-13","2351.93","2351.93","2259.51","2282.01","-3.36","3995604177.84"
"NEPSE","2021-12-12","2448.66","2455.72","2359.95","2361.27","-3.62","3382509520.17"
"NEPSE","2021-12-09","2454.42","2465.08","2428.33","2449.97","-0.24","2673308791.68"
"NEPSE","2021-12-08","2508.29","2511.69","2448.78","2455.81","-2.12","2663909619.74"
"NEPSE","2021-12-07","2549.36","2590.76","2505.86","2508.91","-1.46","3128341700.27"
"NEPSE","2021-12-06","2508.96","2549.5","2438.86","2546.09","1.28","4542345271.36"
"NEPSE","2021-12-05","2586.83","2587.57","2504.69","2513.89","-2.80","4090765324.93"
"NEPSE","2021-12-02","2633.64","2645.57","2580.6","2584.61","-1.86","3413589126.02"
"NEPSE","2021-12-01","2628.69","2649.99","2628.48","2633.66","0.20","2742085704.34"
"NEPSE","2021-11-30","2630.32","2648.04","2603.9","2628.37","-0.06","3089041990.69"
"NEPSE","2021-11-29","2650.54","2677.87","2621.8","2629.98","-0.81","4008937133.19"
"NEPSE","2021-11-28","2731.78","2733.35","2644.6","2651.49","-2.94","5835135054.76"
"NEPSE","2021-11-25","2736.85","2746.55","2720.84","2731.78","-0.12","3789709330.9"
"NEPSE","2021-11-24","2737.09","2743.22","2694.06","2735.01","0.07","4217415336.52"
"NEPSE","2021-11-23","2765.68","2765.68","2719.99","2733.14","-1.17","4165896577.73"
"NEPSE","2021-11-22","2758.99","2778.28","2758.64","2765.44","0.29","3929261627.44"
"NEPSE","2021-11-21","2771.76","2780.04","2749.83","2757.53","-0.42","4357309319.33"
"NEPSE","2021-11-18","2806.13","2810.64","2760.2","2769.13","-1.16","6271867229.84"
"NEPSE","2021-11-17","2795.19","2825.98","2795.19","2801.52","0.61","7379446819.65"
"NEPSE","2021-11-16","2720.59","2784.63","2716","2784.58","2.55","5521650856.75"
"NEPSE","2021-11-15","2688.06","2728.91","2685.67","2715.35","0.98","4734651443.84"
"NEPSE","2021-11-14","2694.05","2704.47","2667.34","2688.92","-0.05","4096219525.4"
"NEPSE","2021-11-11","2750.03","2750.28","2687.68","2690.29","-2.17","5119602539.69"
"NEPSE","2021-11-09","2831","2833.05","2730.21","2749.86","-2.82","6527729547.47"
"NEPSE","2021-11-08","2854.38","2863.8","2821.64","2829.65","-0.86","4420719103.13"
"NEPSE","2021-11-03","2858.74","2878.2","2837.59","2848.84","-0.01","6553059152.26"
"NEPSE","2021-11-02","2824.83","2845.89","2789.2","2843.62","0.73","6073716888.38"
"NEPSE","2021-11-01","2852.32","2866.44","2804.31","2819.87","-0.87","7777510777.74"
"NEPSE","2021-10-31","2785.95","2838.09","2775.54","2837.62","1.82","7823226492.71"
"NEPSE","2021-10-28","2768.88","2783.77","2746.23","2782.17","0.29","5395268627.81"
"NEPSE","2021-10-27","2753.4","2806.71","2716.99","2769.13","0.56","6612648839.92"
"NEPSE","2021-10-26","2678.86","2751.41","2678.01","2751.07","2.79","6318340931.64"
"NEPSE","2021-10-25","2588.75","2672.25","2588.24","2672.25","3.29","4308895574.87"
"NEPSE","2021-10-24","2557","2587.85","2545.5","2584.53","1.06","2773420134.9"
"NEPSE","2021-10-21","2573.05","2585.79","2542.65","2556.96","-0.70","2635390459.84"
"NEPSE","2021-10-20","2522.2","2590.89","2522","2571.66","2.22","2679028155.23"
"NEPSE","2021-10-19","2588.24","2588.37","2481.85","2510.73","-2.99","3777793666.35"
"NEPSE","2021-10-18","2656.04","2656.04","2582.26","2587.45","-2.73","2966899790.82"
"NEPSE","2021-10-17","2644.42","2670.34","2616.4","2656.97","0.67","1497375370.87"
"NEPSE","2021-10-11","2667.59","2670.34","2616.4","2639.38","-0.77","3639468092.85"
"NEPSE","2021-10-10","2687.19","2720.36","2654.35","2662.58","-0.81","4498043580.96"
"NEPSE","2021-10-06","2614.74","2681.39","2614.52","2681.11","2.47","4500658141.61"
"NEPSE","2021-10-05","2569.79","2620.32","2569.78","2612.65","1.43","2996819683.01"
"NEPSE","2021-10-04","2577.36","2596.67","2542.09","2570.81","-0.47","3627799935.4"
"NEPSE","2021-10-03","2637.36","2640.84","2572.96","2577.5","-2.23","4113814245.94"
"NEPSE","2021-09-30","2667.45","2687.59","2629.95","2633.42","-1.33","3700029507.49"
"NEPSE","2021-09-29","2616.78","2666.19","2578.76","2665.94","1.82","5028555092.03"
"NEPSE","2021-09-28","2683.6","2695.35","2602.19","2615.4","-2.92","5745488178.57"
"NEPSE","2021-09-27","2762.6","2769.79","2678.14","2685.42","-2.79","5120973095.93"
"NEPSE","2021-09-26","2836.36","2846.29","2756.33","2758.48","-2.20","6500117780.43"
"NEPSE","2021-09-23","2833.52","2883.13","2804.16","2819.66","0.10","7726371029.49"
"NEPSE","2021-09-22","2719.91","2819.03","2719.89","2816.95","3.82","6179300157.62"
"NEPSE","2021-09-21","2693.42","2766.45","2613.87","2712.07","0.37","7364798651.77"
"NEPSE","2021-09-20","2817.98","2821.13","2696.81","2698.25","-4.05","8493401009.27"
"NEPSE","2021-09-16","2889.21","2889.21","2795.24","2812.39","-2.81","9033900623.09"
"NEPSE","2021-09-15","2933.23","2936.89","2881.53","2889.03","-1.44","5358097250.54"
"NEPSE","2021-09-14","2950.37","2964.54","2915.62","2929.29","-0.73","5195295443.22"
"NEPSE","2021-09-13","2962.81","2984.31","2939.79","2947.7","-0.01","9290554155.32"
"NEPSE","2021-09-12","2887.5","2947.5","2887.47","2947.42","2.44","9440035243.87"
"NEPSE","2021-09-09","2880.55","2912.38","2865.96","2875.98","0.02","7050770070.49"
"NEPSE","2021-09-08","2940.91","2940.91","2873.64","2876.59","-2.09","6646623426.91"
"NEPSE","2021-09-07","2999.62","3004.23","2912.99","2936.61","-1.52","7495812161.43"
"NEPSE","2021-09-06","2816.93","2981.27","2804.53","2980.79","5.73","9826222806.9"
"NEPSE","2021-09-05","2928.8","2929.32","2779.03","2818.73","-3.77","11240391044.63"
"NEPSE","2021-09-02","2976.18","2994.35","2915.98","2926.74","-1.66","9505970822.34"
"NEPSE","2021-09-01","2977.29","3019.69","2961","2977.02","0.71","9351799654.65"
"NEPSE","2021-08-31","3047.26","3047.59","2969.75","2975.84","0.00","13259696107.21"
"NEPSE","2021-08-29","3105.75","3116.82","3038.78","3044.87","-1.56","15483687944.5"
"NEPSE","2021-08-26","3085.04","3108.06","3069.72","3094.05","0.48","13421974791.5"
"NEPSE","2021-08-25","3126.02","3126.02","3068.04","3076.45","-1.76","12092103503.5"
"NEPSE","2021-08-24","3186.47","3188.57","3121.68","3125.01","-1.78","16124468059.5"
"NEPSE","2021-08-19","3208.5308","3227.11","3178.25","3180.86","-0.56","20499210766.5"
"NEPSE","2021-08-18","3172.3","3220.86","3153.42","3198.19","0.99","21313489269"
"NEPSE","2021-08-17","3165.69","3177.14","3154.76","3160.32","-0.12","18204939237"
"NEPSE","2021-08-16","3165.09","3171.2","3136.47","3160.09","-0.17","15930897937.5"
"NEPSE","2021-08-15","3170.6536","3187.48","3104.86","3154.34","-0.77","21647600654.5"
"NEPSE","2021-08-12","3172.75","3189.66","3166.68","3178.91","0.43","17513276115.01"
"NEPSE","2021-08-11","3172.54","3198.26","3158.17","3162.41","-0.06","15455941753.79"
"NEPSE","2021-08-10","3120.3","3164.61","3114.06","3161.56","1.63","17846147278.6"
"NEPSE","2021-08-09","3113.95","3122.56","3098.6","3109.6","-0.02","14137338880.86"
"NEPSE","2021-08-08","3117.03","3121.43","3099.07","3108.13","-0.05","14308136886.78"
"NEPSE","2021-08-05","3130.54","3138.61","3101.79","3107.45","-0.50","14316249964.69"
"NEPSE","2021-08-04","3126.99","3140.38","3120.78","3123.15","0.32","15595794271.04"
"NEPSE","2021-08-03","3094.24","3111.16","3091.92","3111.09","0.00","11529217774.66"
"NEPSE","2021-08-02","3087.91","3101.3","3079.04","3085.07","0.13","10983682606.43"
"NEPSE","2021-08-01","3088.45","3099.13","3075.54","3081.07","0.03","12103871861.91"
"NEPSE","2021-07-29","3103.53","3107.91","3076.39","3079.82","-0.56","10905830064.17"
"NEPSE","2021-07-28","3088.45","3113.59","3075.93","3094.95","0.18","13291954535.44"
"NEPSE","2021-07-27","3030.5073","3085.8054","2999.2","3076.3728","0.89","349011988.5"
"NEPSE","2021-07-26","3072.93","3076.13","3041.81","3050.43","-0.36","14139785431.16"
"NEPSE","2021-07-25","3017.56","3058.85","3017.51","3058.64","1.81","14232417472.15"
"NEPSE","2021-07-22","2990.9","3018.76","2987.29","3004.33","0.63","11114121615.71"
"NEPSE","2021-07-19","3003.47","3032.84","2981.92","2994.42","0.33","11813754606.6"
"NEPSE","2021-07-18","2892.47","2980.61","2892.31","2980.61","3.26","11638126492.62"
"NEPSE","2021-07-15","2885.4","2890.34","2876.85","2883.38","0.24","8143614302.19"
"NEPSE","2021-07-14","2882.07","2883.25","2857.63","2872.05","0.04","5654576205.11"
"NEPSE","2021-07-13","2867.16","2884.75","2846.78","2871.03","0.57","5546356224.1"
"NEPSE","2021-07-12","2915.58","2930.41","2842.3","2854.84","-1.55","9980026526.96"
"NEPSE","2021-07-11","2845.43","2900.18","2845.15","2899.82","2.58","8061382496.39"
"NEPSE","2021-07-08","2815.29","2832.73","2793.23","2825.11","0.86","4815520294.15"
"NEPSE","2021-07-07","2815.49","2826.41","2793.9","2801.13","-0.60","4585861976.21"
"NEPSE","2021-07-06","2829.98","2835.31","2812.96","2818.11","-0.19","4224018255.09"
"NEPSE","2021-07-05","2845.5051","2847.4319","2814.3337","2822.74","-0.42","4582212578.61"
"NEPSE","2021-07-04","2852.24","2857.83","2831.95","2834.52","-0.30","5053538256.95"
"NEPSE","2021-07-01","2833.5571","2867.2519","2831.1066","2843","0.68","6707775484.14"
"NEPSE","2021-06-30","2835.67","2844.19","2782.01","2823.88","-1.00","5838551435.49"
"NEPSE","2021-06-29","2880.34","2890.16","2823.21","2828","-1.65","6726361869.27"
"NEPSE","2021-06-28","2898.42","2901.99","2861.55","2871.6969","0.15","7725594965.5"
"NEPSE","2021-06-27","2856.05","2883.02","2834.42","2870.18","0.96","7167432728"
"NEPSE","2021-06-24","2871.66","2873.76","2833.06","2843","-0.58","7033603739.5"
"NEPSE","2021-06-23","2939.05","2940.03","2856.84","2859.96","-1.87","8362671680.5"
"NEPSE","2021-06-22","2844.7","2914.43","2824.04","2913.84","2.79","10286269957"
"NEPSE","2021-06-21","2924.07","2924.48","2828.62","2834.41","-2.45","11619035673.5"
"NEPSE","2021-06-20","2975.25","2980.27","2880.57","2905.32","-2.20","11819428288.5"
"NEPSE","2021-06-17","2982.97","2990.01","2944.89","2968.42","-0.11","10904958935"
"NEPSE","2021-06-16","2989.55","3031.73","2943.3","2969.72","-1.86","15484479318.5"
"NEPSE","2021-06-15","3061.81","3064.07","3012.95","3022.11","-0.22","16528749738.5"
"NEPSE","2021-06-14","3009.46","3051.02","3009.15","3025.83","1.39","18884031518.5"
"NEPSE","2021-06-13","2965.77","2984.24","2957.13","2983.11","1.23","19550166636"
"NEPSE","2021-06-10","2968.09","2971.89","2925.74","2944.78","-0.07","16100412435.5"
"NEPSE","2021-06-09","2995.08","3005.9","2933.62","2946.58","-0.52","16997092703.41"
"NEPSE","2021-06-08","2931.18","2960.29","2925.49","2960.14","1.84","16951320640"
"NEPSE","2021-06-07","2928.09","2933.54","2892.23","2906.7","-0.00","15818659062.5"
"NEPSE","2021-06-06","2884.07","2920.21","2880.47","2906.91","1.72","17271787524.5"
"NEPSE","2021-06-03","2833.84","2876.11","2833.63","2856.77","1.00","16907020286"
"NEPSE","2021-06-02","2793.22","2827.29","2770.83","2827.13","1.86","11351815356"
"NEPSE","2021-06-01","2790.72","2799.85","2751.65","2771.15","-0.51","8598160117"
"NEPSE","2021-05-31","2842.28","2851.18","2781","2782.86","0.32","13604619431.2"
"NEPSE","2021-05-30","2836.11","2854.8","2814.72","2827.93","0.42","17028432244.91"
"NEPSE","2021-05-27","2784.59","2836.06","2760.86","2815.4","-0.01","14768808492.24"
"NEPSE","2021-05-25","2828.07","2836.24","2803.72","2816.6","-0.26","11133398107.56"
"NEPSE","2021-05-24","2840.21","2850.73","2807.33","2823.05","0.02","13175353187.83"
"NEPSE","2021-05-23","2768.87","2820.6","2737.43","2820","0.96","11695034728.26"
"NEPSE","2021-05-20","2807.53","2807.53","2775.89","2787.19","0.24","9305222003.6"
"NEPSE","2021-05-19","2816.26","2822.23","2769.2","2780.81","-0.62","11958097410.72"
"NEPSE","2021-05-18","2784.6","2794.96","2766.71","2793.81","1.24","11359360091.96"
"NEPSE","2021-05-17","2748.83","2771.22","2747.82","2759.22","0.73","9576361139.17"
"NEPSE","2021-05-16","2693.91","2738.59","2693.91","2738.3","2.02","10403879000.34"
"NEPSE","2021-05-13","2701.92","2702.74","2679.03","2684.01","0.37","7126885280.36"
"NEPSE","2021-05-12","2685.41","2688.75","2664.04","2673.88","-0.07","5326052801.48"
"NEPSE","2021-05-11","2647.48","2680.91","2645.77","2673.32","0.98","5810673070.66"
"NEPSE","2021-05-10","2613.18","2647.07","2607.78","2645.85","1.02","4203832788.74"
"NEPSE","2021-05-09","2652.58","2652.6","2613.32","2618.63","-0.72","6148966772.34"
"NEPSE","2021-05-06","2657.2","2659.09","2626.08","2637.13","-0.47","6810091452.53"
"NEPSE","2021-05-05","2675.95","2676.57","2648.52","2649.6","-0.19","6216814313.04"
"NEPSE","2021-05-04","2652.27","2663.64","2640.54","2654.03","0.07","5894773562"
"NEPSE","2021-05-03","2676.46","2694","2645.71","2652.58","-0.46","7529290146"
"NEPSE","2021-05-02","2627.82","2665.11","2610.81","2665.11","2.07","7360800500.33"
"NEPSE","2021-04-29","2601.21","2612.29","2582.35","2611.11","1.00","4357019248.68"
"NEPSE","2021-04-28","2606.56","2622.66","2563.95","2585.28","-0.53","3990431235.93"
"NEPSE","2021-04-27","2506.52","2599.37","2504.23","2599.08","0.00","5109096957.06"
"NEPSE","2021-04-26","2571.5","2579.41","2500.74","2506.62","0.00","6590928202.41"
"NEPSE","2021-04-25","2664.7","2665.56","2563.78","2572.21","0.00","7284194901.09"
"NEPSE","2021-04-22","2647.11","2651.53","2609.02","2648.01","0.00","5915139887.96"
"NEPSE","2021-04-21","2674.82","2675.41","2624.7","2632.21","0.00","5772251202.75"
"NEPSE","2021-04-20","2673.24","2684.77","2645.56","2664.62","0.00","5538617640.49"
"NEPSE","2021-04-19","2716.24","2716.87","2656.58","2661.94","0.00","6766801223.82"
"NEPSE","2021-04-18","2759.9","2760.02","2696.3","2699.51","0.00","8801803214.97"
"NEPSE","2021-04-15","2735.4","2755.3","2731.82","2735.4","0.00","8636668659.43"
"NEPSE","2021-04-13","2698.07","2715.53","2688.18","2714.79","0.00","7143151000.27"
"NEPSE","2021-04-12","2674.5","2694.38","2671.74","2691.56","0.00","7610828049.72"
"NEPSE","2021-04-08","2690.28","2690.28","2672.24","2674.36","0.00","6556616679.95"
"NEPSE","2021-04-07","2694.54","2694.98","2667.91","2671.62","0.00","7266972569.76"
"NEPSE","2021-04-06","2678.96","2678.96","2641.8","2674.47","0.00","7477795737.92"
"NEPSE","2021-04-05","2679.39","2682.27","2639.67","2658.75","0.00","7296760155.82"
"NEPSE","2021-04-04","2658.31","2658.73","2646.05","2657.61","0.00","9006858557.96"
"NEPSE","2021-04-01","2645.5","2645.5","2615.26","2631.9","0.00","7250924123.6"
"NEPSE","2021-03-31","2596.66","2619.15","2592.8","2619.03","0.00","6166900815.53"
"NEPSE","2021-03-30","2545.54","2576.33","2544.96","2575.67","0.00","6185679497.56"
"NEPSE","2021-03-29","2558.23","2562.6","2537.67","2543.52","0.00","4410345029.57"
"NEPSE","2021-03-25","2584.79","2595.88","2543.56","2548.97","0.00","6500806040.03"
"NEPSE","2021-03-24","2549.55","2570.67","2546.05","2570.31","0.00","6674423940.6"
"NEPSE","2021-03-23","2524.43","2531.46","2495.97","2528.96","0.00","5141897169.2"
"NEPSE","2021-03-22","2562.37","2568.36","2509.21","2514.4","0.00","5351337289.75"
"NEPSE","2021-03-21","2494.48","2538.47","2492.27","2538.47","0.00","5919824569.16"
"NEPSE","2021-03-18","2448.72","2476.61","2441.17","2475.09","0.00","4661792186.86"
"NEPSE","2021-03-17","2399.21","2432.4","2390.05","2432.15","0.00","3374552177.73"
"NEPSE","2021-03-16","2400.05","2417.47","2369.52","2391.75","0.00","3375699339.03"
"NEPSE","2021-03-15","2418.51","2432.95","2379.78","2389.19","0.00","4248424066.1"
"NEPSE","2021-03-14","2466.27","2469.43","2397.3","2407.26","0.00","4952722195.34"
"NEPSE","2021-03-10","2476.93","2479.63","2446.09","2458.49","0.00","4100406336.64"
"NEPSE","2021-03-09","2494.05","2494.41","2453.38","2461.88","0.00","4752708147"
"NEPSE","2021-03-07","2519.97","2527.09","2473.08","2485.1","0.00","5005466480.04"
"NEPSE","2021-03-04","2425.2","2507.09","2422.5","2506.68","0.00","6058104316.76"
"NEPSE","2021-03-03","2449.23","2453.67","2391.14","2416.01","0.00","6254809441.78"
"NEPSE","2021-03-02","2523.45","2529.64","2437.25","2455.33","0.00","6119638669"
"NEPSE","2021-03-01","2488.33","2524.4","2442.6","2515.03","0.00","5692316831"
"NEPSE","2021-02-28","2557.79","2559.43","2474.39","2474.39","0.00","8355289814"
"NEPSE","2021-02-25","2622.7","2622.77","2547.84","2554.13","0.00","6098188414"
"NEPSE","2021-02-24","2600.32","2620.45","2498.58","2599.07","0.00","6701872439"
"NEPSE","2021-02-23","2627.33","2627.33","2519.41","2586.51","0.00","8561539426"
"NEPSE","2021-02-22","2665.86","2676.16","2603.05","2607.67","--","8406310671"
"NEPSE","2021-02-21","2667.27","2667.59","2619.58","2640.34","0.00","8834603967"
"NEPSE","2021-02-18","2634.47","2642.47","2619.17","2636.68","0.00","8762146785"
"NEPSE","2021-02-17","2619.8","2623.64","2596.19","2611.45","0.00","8035510844"
"NEPSE","2021-02-16","2615.36","2631.37","2584.14","2601.51","0.00","10035454955"
"NEPSE","2021-02-15","2517.46","2586.01","2538.22","2586.01","0.00","10384197669"
"NEPSE","2021-02-14","2536.47","2536.47","2482.24","2493.59","0.00","6927668931"
"NEPSE","2021-02-11","2552.33","2565.13","2524.81","2526.92","0.00","8411732003"
"NEPSE","2021-02-10","2544.8","2547.76","2511.03","2543.03","0.00","7649411398"
"NEPSE","2021-02-09","2562.43","2585.15","2524.44","2532.46","0.00","8146269193"
"NEPSE","2021-02-08","2553.78","2563.29","2538.83","2561.47","0.00","10619163869"
"NEPSE","2021-02-07","2486.79","2524","2486.79","2524","0.00","10441951304"
"NEPSE","2021-02-04","2479.6","2481.59","2443.68","2475.26","0.00","7615071093"
"NEPSE","2021-02-03","2490.53","2519.85","2457.99","2466.92","0.00","9531716496"
"NEPSE","2021-02-02","2434.48","2473.73","2429.9","2473.73","0.00","8593472987"
"NEPSE","2021-02-01","2372.04","2413.18","2372.04","2408.24","0.00","6972936529"
"NEPSE","2021-01-31","2425.53","2425.53","2366.46","2370.54","0.00","8973206450"
"NEPSE","2021-01-28","2460.83","2460.83","2420.64","2425.29","0.00","9898456128"
"NEPSE","2021-01-27","2433.74","2449.42","2416.62","2441.85","0.00","8006238770"
"NEPSE","2021-01-26","2461.42","2462.28","2419.89","2423.09","0.00","8279701077"
"NEPSE","2021-01-25","2447.01","2456.22","2408.87","2440.87","0.00","8903538731"
"NEPSE","2021-01-24","2396.74","2429.11","2396.74","2424.84","0.00","9376053220"
"NEPSE","2021-01-21","2372.86","2376.13","2354.7","2374.64","0.00","7798528433"
"NEPSE","2021-01-20","2361.52","2362.99","2322.72","2342.76","0.00","6210966026"
"NEPSE","2021-01-19","2361.99","2362.86","2304.98","2326.9","0.00","7467439848"
"NEPSE","2021-01-18","2333.87","2340.57","2319.58","2332.31","0.00","6314664167"
"NEPSE","2021-01-17","2299.33","2316.8","2297.5","2315","0.00","6374267782"
"NEPSE","2021-01-13","2279.04","2296.17","2277.26","2286.54","0.00","5914389261"
"NEPSE","2021-01-12","2243.16","2267.73","2233.61","2267.73","0.00","4982391897"
"NEPSE","2021-01-11","2264.27","2266.44","2229.13","2239.42","0.00","5524832993"
"NEPSE","2021-01-10","2201.38","2238.24","2201.38","2235.72","0.00","6326646806"
"NEPSE","2021-01-07","2181.27","2204.97","2179.09","2194.48","0.00","5874708279"
"NEPSE","2021-01-06","2170.82","2185.2","2170.31","2178.57","0.00","4425472339"
"NEPSE","2021-01-05","2167.82","2182.39","2149.74","2165.49","0.00","4566381178"
"NEPSE","2021-01-04","2207.05","2216.44","2154","2169.04","0.00","5961733122"
"NEPSE","2021-01-03","2104.85","2175.39","2104.85","2175.39","0.00","6344017889"
"NEPSE","2020-12-31","2079.37","2112.59","2073.8","2087.27","0.00","5703469837"
"NEPSE","2020-12-30","2023.59","2062.06","2023.4","2062.06","0.00","4446222579"
"NEPSE","2020-12-29","2016.26","2031.47","2009.38","2012.89","0.00","4092227802"
"NEPSE","2020-12-28","1998.81","2013.51","1981.5","2007.29","0.00","3850320045"
"NEPSE","2020-12-27","2047.12","2047.19","1994.8","1998.65","0.00","4623452312"
"NEPSE","2020-12-24","2091.59","2091.59","2025.65","2038.63","0.00","5369046322"
"NEPSE","2020-12-23","2094.27","2127.22","2063.13","2068.45","0.00","6862445215"
"NEPSE","2020-12-22","1987.47","2061.41","1987.47","2061.41","0.00","6740744432"
"NEPSE","2020-12-21","1919.05","1977.42","1874.07","1965.96","0.00","6698874354"
"NEPSE","2020-12-20","2046.57","2046.57","1935.4","1935.63","0.00","8612857317"
"NEPSE","2020-12-17","2058.72","2059.8","2025.19","2032.51","0.00","6769890815"
"NEPSE","2020-12-16","2097.2","2097.2","2041.85","2055.22","0.00","5144675578"
"NEPSE","2020-12-15","2085.56","2100.96","2050.9","2061.41","0.00","6069331687"
"NEPSE","2020-12-14","2022.72","2069.06","2022.72","2067.17","0.00","7204136923"
"NEPSE","2020-12-13","1973.75","2010.45","1967.44","2010.45","0.00","4899484131"
"NEPSE","2020-12-10","1954.6","1974.12","1938.92","1964.02","0.00","4146321050"
"NEPSE","2020-12-09","2006.4","2009.81","1948.98","1955.75","0.00","4745649292"
"NEPSE","2020-12-08","2033.97","2047.35","1982.07","1995.35","0.00","5719436384"
"NEPSE","2020-12-07","1929.46","2004.39","1914.42","2004.39","0.00","6667956831"
"NEPSE","2020-12-06","2051.51","2051.51","1932.11","1932.11","0.00","7209180213"
"NEPSE","2020-12-03","2090.79","2118.41","2040.99","2055.45","0.00","8026023798"
"NEPSE","2020-12-02","2016.82","2077.7","2016.82","2071.02","0.00","7463482972"
"NEPSE","2020-12-01","2009.46","2022.25","1966.18","2000.4","0.00","7404154007"
"NEPSE","2020-11-30","2000","2028.45","1971.24","1997.05","0.00","8867714682"
"NEPSE","2020-11-29","1912.11","1971.42","1912.11","1968.27","0.00","9227348348"
"NEPSE","2020-11-26","1894.78","1926.91","1879","1893.24","0.00","7613030091"
"NEPSE","2020-11-25","1820.87","1874.81","1820.87","1874.81","0.00","5131886488"
"NEPSE","2020-11-24","1790.19","1813.86","1786.71","1810.11","0.00","5442950189"
"NEPSE","2020-11-23","1789.35","1792.41","1772.11","1780.43","0.00","4762704611"
"NEPSE","2020-11-22","1791.21","1811.63","1761.75","1782.81","0.00","6878787665"
"NEPSE","2020-11-19","1750.42","1779.21","1750.42","1778.12","0.00","6116730071"
"NEPSE","2020-11-18","1714.86","1741.81","1708.87","1741.81","0.00","4791041649"
"NEPSE","2020-11-12","1713.71","1722.32","1702.7","1718.49","0.00","4256475891"
"NEPSE","2020-11-11","1681.82","1707.67","1681.82","1707.67","0.00","4099604742"
"NEPSE","2020-11-10","1660.37","1678.79","1659.18","1678.79","0.00","4096190256"
"NEPSE","2020-11-09","1648.75","1661.32","1648.75","1652.8","0.00","3699879726"
"NEPSE","2020-11-08","1643.29","1648.58","1637.8","1648.58","0.00","3526777261"
"NEPSE","2020-11-05","1644.94","1645.08","1634.38","1636.17","0.00","2842469177"
"NEPSE","2020-11-04","1645.53","1645.7","1638.69","1640.64","0.00","1757423745"
"NEPSE","2020-11-03","1636.2","1644.61","1635.15","1643.03","0.00","2237964572"
"NEPSE","2020-11-02","1644.01","1646.9","1635.64","1637.63","0.00","2453954688"
"NEPSE","2020-11-01","1654.15","1654.15","1634.63","1640.95","0.00","2930939007"
"NEPSE","2020-10-29","1661.64","1663.41","1640.48","1645.67","0.00","3037694845"
"NEPSE","2020-10-28","1612.5","1647.45","1612.37","1647.45","0.00","2725994069"
"NEPSE","2020-10-22","1609.11","1609.52","1596.22","1606.25","0.00","1994543919"
"NEPSE","2020-10-21","1591.04","1597.71","1588.78","1597.71","0.00","1633246148"
"NEPSE","2020-10-20","1576.62","1583.6","1573.06","1583.6","0.00","1271829990"
"NEPSE","2020-10-19","1556.85","1570.38","1555.46","1570.38","0.00","954656107"
"NEPSE","2020-10-18","1565.9","1567.89","1554.14","1556.8","0.00","1252748181"
"NEPSE","2020-10-15","1564.69","1579.55","1560.69","1562.46","0.00","1425890738"
"NEPSE","2020-10-14","1572.35","1573.08","1560.45","1561.17","0.00","1496387992"
"NEPSE","2020-10-13","1583.29","1584.28","1567.23","1568.59","0.00","1819638977"
"NEPSE","2020-10-12","1580.14","1580.8","1566.7","1578.01","0.00","1949060194"
"NEPSE","2020-10-11","1594.01","1594.36","1574.62","1576.27","0.00","2395432599"
"NEPSE","2020-10-08","1607.52","1614.04","1586.96","1589.63","0.00","2862712521"
"NEPSE","2020-10-07","1593.04","1602.14","1587.59","1600.97","0.00","3358506296"
"NEPSE","2020-10-06","1588.01","1588.01","1581.75","1586.29","0.00","2510585332"
"NEPSE","2020-10-05","1587.31","1594.89","1580.65","1582.12","0.00","2578607088"
"NEPSE","2020-10-04","1577.77","1588.05","1577.77","1585.75","0.00","3178853719"
"NEPSE","2020-10-01","1553.95","1572.94","1553.95","1571.04","0.00","2807708137"
"NEPSE","2020-09-30","1561.58","1563.4","1542.57","1550.43","0.00","1953636694"
"NEPSE","2020-09-29","1564.92","1564.92","1552.77","1553.62","0.00","1829872968"
"NEPSE","2020-09-28","1566.44","1569.31","1557.42","1560.83","0.00","1690154525"
"NEPSE","2020-09-27","1569.06","1575.43","1562.11","1565.55","0.00","3138243371"
"NEPSE","2020-09-24","1565.31","1565.31","1554.38","1561.27","0.00","2233489024"
"NEPSE","2020-09-23","1543.37","1555.52","1535.03","1555.52","0.00","1727821707"
"NEPSE","2020-09-22","1576.55","1577.19","1541.75","1546.15","0.00","2810425268"
"NEPSE","2020-09-21","1587.82","1587.99","1561.49","1569.06","0.00","2637376216"
"NEPSE","2020-09-20","1595.47","1605.12","1574.08","1575.18","0.00","2742795692"
"NEPSE","2020-09-17","1555.86","1577.99","1547.13","1572.18","0.00","3315664319"
"NEPSE","2020-09-16","1537.35","1543.98","1530.67","1541.4","0.00","1845634030"
"NEPSE","2020-09-15","1544.71","1548.35","1531.05","1536.03","0.00","1800197903"
"NEPSE","2020-09-14","1545.68","1553.56","1538.43","1540.51","0.00","3134135908"
"NEPSE","2020-09-13","1528.15","1537.25","1522.28","1537.25","0.00","3386859972"
"NEPSE","2020-09-10","1514.13","1532.48","1512.53","1520.69","0.00","2170068283"
"NEPSE","2020-09-09","1501.86","1511.93","1495.11","1508.2","0.00","2563415186"
"NEPSE","2020-09-08","1491.33","1500.15","1477.25","1495.15","0.00","1798363063"
"NEPSE","2020-09-07","1503.37","1503.37","1483.65","1487.81","0.00","2164930214"
"NEPSE","2020-09-06","1538.42","1538.42","1494.97","1499.97","0.00","2782377887"
"NEPSE","2020-09-03","1524.19","1524.67","1497.47","1510.42","0.00","2634886231"
"NEPSE","2020-09-02","1509.4","1519.78","1499.72","1510.57","0.00","4181036115"
"NEPSE","2020-08-31","1466.57","1489.01","1466.57","1484.99","0.00","3462586125"
"NEPSE","2020-08-30","1459.16","1462.67","1444.92","1462.67","0.00","1614554300"
"NEPSE","2020-08-27","1467.07","1472.73","1454.96","1458.04","0.00","1981761050"
"NEPSE","2020-08-26","1445.47","1468.03","1445.47","1462.03","0.00","2656163730"
"NEPSE","2020-08-25","1435.21","1440.94","1428.74","1440.94","0.00","1855180510"
"NEPSE","2020-08-24","1413.09","1431.6","1413.09","1431.6","0.00","2139202075"
"NEPSE","2020-08-23","1399.48","1410.34","1394.09","1410.34","0.00","1108053597"
"NEPSE","2020-08-20","1392.89","1403.75","1392.89","1397.57","0.00","393129068"
"NEPSE","2020-08-19","1409.44","1409.44","1388.17","1391.29","0.00","976235059"
"NEPSE","2020-08-18","1403.98","1414.29","1400.81","1407.89","0.00","1239017426"
"NEPSE","2020-08-17","1391.79","1402.21","1385.7","1402.21","0.00","1074932597"
"NEPSE","2020-08-16","1407.85","1407.85","1381.89","1391.46","0.00","1259320850"
"NEPSE","2020-08-13","1431.89","1431.89","1407.43","1408.79","0.00","1048911791"
"NEPSE","2020-08-12","1426.55","1427.15","1413.55","1425.32","0.00","951960208"
"NEPSE","2020-08-11","1433.35","1441.31","1421.17","1423.81","0.00","1271738914"
"NEPSE","2020-08-10","1394.78","1430.41","1394.34","1430.41","0.00","1555518923"
"NEPSE","2020-08-09","1383.98","1392.68","1363.22","1392.68","0.00","977895525"
"NEPSE","2020-08-06","1387.44","1388.68","1365.66","1381.37","0.00","920997056"
"NEPSE","2020-08-05","1403.88","1403.88","1374.13","1382.66","0.00","1189526408"
"NEPSE","2020-08-03","1395.08","1411.13","1384.86","1403.86","0.00","1290252213"
"NEPSE","2020-08-02","1441.26","1441.26","1396.02","1396.28","0.00","1841242332"
"NEPSE","2020-07-30","1433.14","1444.06","1421.07","1439.06","0.00","1320266678"
"NEPSE","2020-07-29","1452.07","1452.07","1431.46","1431.52","0.00","1687093091"
"NEPSE","2020-07-28","1463.81","1466.04","1449.86","1454.89","0.00","1259751557"
"NEPSE","2020-07-27","1467.89","1475.2","1456.47","1462.48","0.00","1793915286"
"NEPSE","2020-07-26","1445.6","1464.88","1444.77","1465.1","0.00","1942679380"
"NEPSE","2020-07-23","1434.08","1440.32","1417.32","1442.61","0.00","1327135218"
"NEPSE","2020-07-22","1452.78","1461.29","1429.65","1432.44","0.00","1532511716"
"NEPSE","2020-07-21","1472.19","1479.3","1444.5","1449.94","0.00","1872220447"
"NEPSE","2020-07-20","1539.37","1556.19","1460.15","1464.94","0.00","2802233715"
"NEPSE","2020-07-19","1408.51","1479.03","1408.51","1479.03","0.00","62566293"
"NEPSE","2020-07-16","1364.24","1395.82","1362.62","1394.77","0.00","1041770867"
"NEPSE","2020-07-15","1347.88","1367.82","1347.88","1362.34","0.00","1160491522"
"NEPSE","2020-07-14","1344.42","1349.24","1340.66","1347.44","0.00","994545109"
"NEPSE","2020-07-13","1342.59","1352.69","1334.17","1342.4","0.00","1088716118"
"NEPSE","2020-07-12","1331.31","1351.82","1331.31","1340.29","0.00","1111090272"
"NEPSE","2020-07-09","1327.13","1333.25","1312.01","1331.27","0.00","908086197"
"NEPSE","2020-07-08","1338.54","1343.59","1319.1","1326.53","0.00","1078462141"
"NEPSE","2020-07-07","1299.72","1345.96","1299.72","1336.66","0.00","1199041859"
"NEPSE","2020-07-06","1266.08","1298.73","1259.94","1298.73","0.00","927841329"
"NEPSE","2020-07-05","1256.18","1280.93","1246.8","1265.45","0.00","1033390231"
"NEPSE","2020-07-02","1351.89","1362.35","1256.11","1256.11","0.00","476654971"
"NEPSE","2020-07-01","1261.54","1336.52","1261.54","1336.52","0.00","407352247"
"NEPSE","2020-06-30","1187.25","1260.75","1185.72","1260.75","0.00","227212194"
"NEPSE","2020-06-29","1197.09","1200.64","1149.73","1188.7","0.00","347771833"
"NEPSE","2020-05-13","1225.68","1225.68","1201.57","1201.57","0.00","3613523"
"NEPSE","2020-05-12","1250.95","1250.95","1226.15","1226.15","0.00","104372646"
"NEPSE","2020-03-22","1269.08","1275.42","1246.2","1251.45","0.00","194642984"
"NEPSE","2020-03-19","1249.26","1278.93","1223.04","1269.3","0.00","1903142008"
"NEPSE","2020-03-18","1272.1","1286.46","1234.16","1255.8","0.00","1184416878"
"NEPSE","2020-03-17","1316.74","1321.26","1266.44","1272.06","0.00","1465184656"
"NEPSE","2020-03-16","1312.69","1334.12","1291.67","1316.39","0.00","1615341877"
"NEPSE","2020-03-15","1362.25","1362.25","1310.71","1313.04","0.00","2101417292"
"NEPSE","2020-03-12","1424.6","1430.77","1371.56","1377.18","0.00","2206662182"
"NEPSE","2020-03-11","1349.86","1423.09","1349.86","1423.09","0.00","2221081690"
"NEPSE","2020-03-10","1435.86","1436.66","1349.31","1349.31","0.00","1076696300"
"NEPSE","2020-03-05","1442.92","1464.62","1408.82","1435.7","0.00","2457093463"
"NEPSE","2020-03-04","1511.41","1513.43","1439.38","1441.2","0.00","2908472603"
"NEPSE","2020-03-03","1491.23","1540.59","1439.53","1509.67","0.00","3851622996"
"NEPSE","2020-03-02","1593.08","1593.5","1495.3","1495.3","0.00","2154428215"
"NEPSE","2020-03-01","1639.87","1667.74","1591.36","1591.36","0.00","4847437505"
"NEPSE","2020-02-27","1598.81","1635.51","1558.65","1632.17","0.00","4460536251"
"NEPSE","2020-02-26","1548.32","1596.13","1548.32","1596.13","0.00","4154883092"
"NEPSE","2020-02-25","1504.8","1544.07","1480.24","1545.19","0.00","2992160524"
"NEPSE","2020-02-24","1507.98","1536.83","1499.04","1502.18","0.00","3410516278"
"NEPSE","2020-02-23","1435.87","1509.92","1435.87","1504.14","0.00","3608526354"
"NEPSE","2020-02-20","1405.51","1434.57","1405.51","1434.57","0.00","2785004908"
"NEPSE","2020-02-19","1399.29","1406.25","1389.12","1405.25","0.00","1628841389"
"NEPSE","2020-02-18","1399.47","1416.87","1387.68","1400.01","0.00","2125977034"
"NEPSE","2020-02-17","1364.34","1403.21","1364.34","1398.24","0.00","2687533442"
"NEPSE","2020-02-16","1344.73","1363.97","1344.73","1363.97","0.00","1978108701"
"NEPSE","2020-02-13","1346.45","1354.88","1342.9","1344.59","0.00","1773805746"
"NEPSE","2020-02-12","1341.07","1353.29","1340.87","1345.97","0.00","1509784311"
"NEPSE","2020-02-11","1324.31","1342.91","1323.69","1341.38","0.00","1532250440"
"NEPSE","2020-02-10","1320.77","1329.84","1315.37","1324.26","0.00","932086055"
"NEPSE","2020-02-09","1332.91","1333.85","1316.1","1319.99","0.00","950402584"
"NEPSE","2020-02-06","1341.03","1346.6","1331.02","1333.69","0.00","1049345436"
"NEPSE","2020-02-05","1338.5","1342.62","1335.72","1342.36","0.00","1082483909"
"NEPSE","2020-02-04","1351.01","1353.27","1334.09","1337.04","0.00","1570166163"
"NEPSE","2020-02-03","1348.12","1355.27","1339.6","1349.13","0.00","1611719203"
"NEPSE","2020-02-02","1325.62","1349.68","1331.87","1346.64","0.00","2077987799"
"NEPSE","2020-01-30","1306.29","1331.83","1306.29","1325.38","0.00","1966219749"
"NEPSE","2020-01-29","1306.16","1311.74","1302.14","1305.88","0.00","1293711383"
"NEPSE","2020-01-28","1300.65","1316.44","1300.65","1306.15","0.00","1400467805"
"NEPSE","2020-01-27","1276.68","1300.62","1274.03","1300.62","0.00","917359865"
"NEPSE","2020-01-26","1298.67","1299.46","1275.52","1276.68","0.00","965018662"
"NEPSE","2020-01-23","1314.16","1320.76","1295.8","1297.47","0.00","1384209412"
"NEPSE","2020-01-22","1324.32","1325.69","1310.64","1313.42","0.00","1581381364"
"NEPSE","2020-01-21","1318.65","1331.28","1309.14","1320.47","0.00","1519976760"
"NEPSE","2020-01-20","1342.7","1359.32","1308.62","1317.11","0.00","1953780000"
"NEPSE","2020-01-19","1310.26","1349.1","1310.26","1343.65","0.00","2090877917"
"NEPSE","2020-01-16","1284.28","1313.19","1284.28","1310.23","0.00","1682330000"
"NEPSE","2020-01-15","1263.32","1287.2","1263.32","1284.23","0.00","893677000"
"NEPSE","2020-01-14","1271.11","1274.86","1254.3","1263.38","0.00","1026443666"
"NEPSE","2020-01-13","1260.01","1285.5","1259.34","1270.86","0.00","1665520000"
"NEPSE","2020-01-12","1213.19","1255.72","1213.19","1255.72","0.00","1335747967"
"NEPSE","2020-01-09","1209.87","1216.23","1206.49","1213.11","0.00","837035757"
"NEPSE","2020-01-08","1217.82","1223.66","1207.26","1209.6","0.00","732169261"
"NEPSE","2020-01-07","1200.65","1218.14","1200.65","1216.92","0.00","1102736748"
"NEPSE","2020-01-06","1183.35","1200.69","1183.35","1200.69","0.00","842582150"
"NEPSE","2020-01-05","1166.49","1187.33","1163.39","1182.31","0.00","712425827"
"NEPSE","2020-01-02","1168.63","1169.27","1165.24","1166.21","0.00","532211211"
"NEPSE","2020-01-01","1166.52","1169.5","1163.99","1169.5","0.00","372988301"
"NEPSE","2019-12-31","1168.61","1171.48","1163.02","1166.03","0.00","442256156"
"NEPSE","2019-12-30","1161.82","1167.95","1159.25","1167.95","0.00","622363488"
"NEPSE","2019-12-29","1166.86","1167.24","1159.23","1162.43","0.00","422453909"
"NEPSE","2019-12-26","1167.74","1170.45","1165.94","1167.41","0.00","588677887"
"NEPSE","2019-12-25","1166.56","1173.14","1165.77","1168.03","0.00","538340829"
"NEPSE","2019-12-24","1169.32","1176.7","1164.85","1166.21","0.00","721642965"
"NEPSE","2019-12-23","1150.92","1168.79","1150.92","1168.58","0.00","595764544"
"NEPSE","2019-12-22","1149.62","1151.3","1147.67","1150.81","0.00","374466465"
"NEPSE","2019-12-19","1152.06","1154.28","1148.35","1149.64","0.00","419088133"
"NEPSE","2019-12-18","1155.32","1158.15","1150.14","1152.07","0.00","294709858"
"NEPSE","2019-12-17","1154.86","1158.36","1150.66","1155.37","0.00","279244135"
"NEPSE","2019-12-16","1167.82","1170.56","1153.23","1154.11","0.00","407900555"
"NEPSE","2019-12-15","1172.44","1181.7","1167.86","1167.86","0.00","686076111"
"NEPSE","2019-12-12","1162.25","1175.3","1159.91","1172.64","0.00","675173000"
"NEPSE","2019-12-11","1155.05","1166.15","1153.14","1161.47","0.00","551377852"
"NEPSE","2019-12-10","1149.09","1158.11","1147.43","1151.36","0.00","500328915"
"NEPSE","2019-12-09","1135.36","1155.06","1132.88","1148.89","0.00","464220392"
"NEPSE","2019-12-08","1131.92","1135.37","1125.81","1135.37","0.00","287527825"
"NEPSE","2019-12-05","1124.47","1134.93","1124.44","1131.92","0.00","358839860"
"NEPSE","2019-12-04","1116.12","1128","1116.12","1124.47","0.00","308214465"
"NEPSE","2019-12-03","1112.06","1117.82","1111.19","1115.74","0.00","266801558"
"NEPSE","2019-12-02","1112.87","1113.73","1110.98","1111.99","0.00","232259331"
"NEPSE","2019-12-01","1112.79","1114.31","1109.97","1112.85","0.00","206314323"
"NEPSE","2019-11-28","1117.64","1119.63","1112.79","1112.79","0.00","243391320"
"NEPSE","2019-11-27","1109.09","1117.46","1108.02","1117.46","0.00","212363736"
"NEPSE","2019-11-26","1110.08","1111.76","1107.57","1109.16","0.00","295869180"
"NEPSE","2019-11-25","1110.11","1112.15","1102.46","1110.08","0.00","288858484"
"NEPSE","2019-11-24","1120.62","1121.94","1108.76","1110.08","0.00","280534415"
"NEPSE","2019-11-21","1128.34","1128.69","1118.1","1120.6","0.00","297797071"
"NEPSE","2019-11-20","1130.01","1139.74","1127.63","1128.34","0.00","303724204"
"NEPSE","2019-11-19","1131.13","1132.4","1127.91","1129.99","0.00","259330595"
"NEPSE","2019-11-18","1131.4","1133.43","1128","1131.12","0.00","356861857"
"NEPSE","2019-11-17","1135.73","1137.25","1129.15","1131.36","0.00","355159768"
"NEPSE","2019-11-14","1135.15","1139.41","1133.67","1135.95","0.00","228357493"
"NEPSE","2019-11-13","1140.65","1140.65","1133.49","1135.16","0.00","275427886"
"NEPSE","2019-11-12","1146.14","1147.06","1138.57","1139.96","0.00","379849435"
"NEPSE","2019-11-11","1132.7","1147.74","1132.7","1145.57","0.00","549998241"
"NEPSE","2019-11-10","1132.47","1135.9","1129.89","1131.8","0.00","293149044"
"NEPSE","2019-11-07","1138.27","1139.36","1131.33","1131.97","0.00","374150571"
"NEPSE","2019-11-06","1139.49","1141.08","1136.74","1138.02","0.00","206253847"
"NEPSE","2019-11-05","1140.21","1141.86","1138.66","1139.45","0.00","284472501"
"NEPSE","2019-11-04","1139.57","1141.13","1135.96","1140.26","0.00","191854333"
"NEPSE","2019-11-03","1145.83","1146.88","1136.39","1139.29","0.00","175544472"
"NEPSE","2019-10-31","1149.74","1151.48","1143.07","1146.17","0.00","254312462"
"NEPSE","2019-10-24","1142.41","1150.47","1141.39","1149.34","0.00","327632258"
"NEPSE","2019-10-23","1135.4","1142.82","1135.4","1142.6","0.00","163757847"
"NEPSE","2019-10-22","1132.45","1134.81","1130.21","1134.79","0.00","165296005"
"NEPSE","2019-10-21","1133.73","1135.84","1130.14","1132.4","0.00","164349536"
"NEPSE","2019-10-20","1137.69","1138.99","1132.58","1133.71","0.00","113359956"
"NEPSE","2019-10-17","1137.03","1140.38","1135.87","1137.75","0.00","182994905"
"NEPSE","2019-10-16","1142.39","1142.71","1136","1137.03","0.00","196618963"
"NEPSE","2019-10-15","1138.38","1142.04","1135.86","1142.04","0.00","222452078"
"NEPSE","2019-10-14","1149.01","1151.52","1135.04","1136.96","0.00","218635691"
"NEPSE","2019-10-10","1149.03","1151.81","1148.13","1149.01","0.00","63845411"
"NEPSE","2019-10-03","1142.44","1149.4","1138.58","1149.4","0.00","176633514"
"NEPSE","2019-10-02","1145.69","1149.7","1140.07","1140.71","0.00","203287237"
"NEPSE","2019-10-01","1135.05","1146.11","1134.82","1145.69","0.00","311488652"
"NEPSE","2019-09-30","1125.49","1135.56","1121.09","1135.56","0.00","168828923"
"NEPSE","2019-09-29","1129.81","1131.87","1123.66","1125.14","0.00","241498554"
"NEPSE","2019-09-26","1131.52","1133.8","1128.61","1129.8","0.00","212541352"
"NEPSE","2019-09-25","1134.56","1135.26","1130.88","1131.53","0.00","166921799"
"NEPSE","2019-09-24","1140.99","1141.62","1132.72","1134.56","0.00","218278449"
"NEPSE","2019-09-23","1139.92","1147.85","1137.87","1140.98","0.00","177279039"
"NEPSE","2019-09-22","1155.3","1157.79","1135.18","1139.25","0.00","226950238"
"NEPSE","2019-09-19","1173.44","1178.28","1155.3","1155.3","0.00","399930871"
"NEPSE","2019-09-18","1150.65","1173.14","1150.65","1172.15","0.00","455311885"
"NEPSE","2019-09-17","1127.26","1152.51","1127.26","1150.74","0.00","383957426"
"NEPSE","2019-09-16","1140.49","1140.55","1122.02","1123.83","0.00","343918221"
"NEPSE","2019-09-15","1157.68","1160.55","1140.01","1140.01","0.00","288099912"
"NEPSE","2019-09-12","1163.71","1164.09","1156.37","1157.88","0.00","376184491"
"NEPSE","2019-09-11","1166.68","1168.06","1161.95","1163.21","0.00","341745136"
"NEPSE","2019-09-10","1168.91","1172.82","1161.2","1166.67","0.00","237959653"
"NEPSE","2019-09-09","1178.47","1180.28","1166.09","1168.91","0.00","299200764"
"NEPSE","2019-09-08","1192.07","1192.33","1176.41","1178.46","0.00","305310719"
"NEPSE","2019-09-05","1195.89","1196.92","1189.05","1191.07","0.00","290177357"
"NEPSE","2019-09-04","1192.21","1198.48","1183.4","1194.77","0.00","436444688"
"NEPSE","2019-09-03","1170.87","1190.9","1156.72","1190.9","0.00","510552041"
"NEPSE","2019-09-02","1184.93","1190.88","1167.81","1170.34","0.00","407569712"
"NEPSE","2019-09-01","1196.6","1198.51","1184.06","1184.78","0.00","297398003"
"NEPSE","2019-08-29","1198.49","1201.23","1194.09","1196.41","0.00","277359659"
"NEPSE","2019-08-28","1209.7","1213.46","1197.32","1197.75","0.00","371022592"
"NEPSE","2019-08-27","1203.42","1212.3","1203.4","1208","0.00","244668209"
"NEPSE","2019-08-26","1209.7","1210.24","1199.31","1203.13","0.00","380596571"
"NEPSE","2019-08-25","1212.76","1213.23","1201.71","1209.62","0.00","350269509"
"NEPSE","2019-08-22","1214.37","1220.9","1212.43","1213.06","0.00","261670203"
"NEPSE","2019-08-21","1213.96","1216.3","1209.77","1214.05","0.00","292641728"
"NEPSE","2019-08-20","1222.04","1222.87","1212.1","1213.63","0.00","272509024"
"NEPSE","2019-08-19","1214.96","1229.5","1210.8","1222.06","0.00","389625280"
"NEPSE","2019-08-18","1224.03","1226.07","1214.33","1214.83","0.00","329527904"
"NEPSE","2019-08-15","1225.11","1226.06","1221.8","1224.03","0.00","424323136"
"NEPSE","2019-08-14","1230.97","1231.49","1224.43","1225.9","0.00","257285008"
"NEPSE","2019-08-13","1234.59","1236.47","1229.06","1231.07","0.00","481629760"
"NEPSE","2019-08-12","1234.68","1236.82","1232.11","1233.85","0.00","314228928"
"NEPSE","2019-08-11","1236.62","1237.97","1229.69","1233.71","0.00","311756864"
"NEPSE","2019-08-08","1248.91","1248.91","1237.7","1238.56","0.00","454629568"
"NEPSE","2019-08-07","1245.2","1249.98","1239.55","1248.48","0.00","368645664"
"NEPSE","2019-08-06","1255.74","1255.74","1243.74","1245.73","0.00","450755168"
"NEPSE","2019-08-05","1260.3","1261.63","1253.5","1255.09","0.00","443205472"
"NEPSE","2019-08-04","1263.87","1266.37","1258.27","1259.64","0.00","474151744"
"NEPSE","2019-08-01","1265.52","1270.88","1262.55","1263.84","0.00","590588224"
"NEPSE","2019-07-31","1259.53","1267.73","1257.91","1265.57","0.00","370002048"
"NEPSE","2019-07-30","1256.01","1262.16","1256.01","1259.37","0.00","294305024"
"NEPSE","2019-07-29","1252.72","1259.69","1252.72","1255.98","0.00","350812576"
"NEPSE","2019-07-28","1266.63","1266.63","1250.18","1252.8","0.00","492673664"
"NEPSE","2019-07-25","1284.41","1284.41","1269.35","1269.92","0.00","550532160"
"NEPSE","2019-07-24","1277.48","1284.99","1276.07","1284.07","0.00","443481376"
"NEPSE","2019-07-23","1271.24","1279.42","1271.22","1277.17","0.00","368980864"
"NEPSE","2019-07-22","1268.77","1272.38","1267.92","1271.23","0.00","316643424"
"NEPSE","2019-07-21","1276.29","1276.31","1265.6","1268.74","0.00","298157120"
"NEPSE","2019-07-18","1275.71","1283.63","1272.49","1272.49","0.00","411369312"
"NEPSE","2019-07-17","1258.94","1274.86","1258.81","1274.86","0.00","426743456"
"NEPSE","2019-07-16","1285.48","1285.5","1256.46","1259.01","0.00","347289280"
"NEPSE","2019-07-15","1250.09","1254.56","1249.17","1254.56","0.00","430525920"
"NEPSE","2019-07-14","1248.94","1253.09","1248.59","1249.49","0.00","285214560"
"NEPSE","2019-07-11","1249.46","1251.09","1247.63","1248.53","0.00","460036576"
"NEPSE","2019-07-10","1250.43","1251.89","1246.15","1249.15","0.00","573447488"
"NEPSE","2019-07-09","1247.41","1252.2","1244.36","1250.27","0.00","468263776"
"NEPSE","2019-07-08","1256.15","1257.57","1245.62","1247.35","0.00","591053824"
"NEPSE","2019-07-07","1262.98","1263.82","1255.01","1256.04","0.00","540529472"
"NEPSE","2019-07-04","1269.48","1272.79","1258.87","1260.47","0.00","670169920"
"NEPSE","2019-07-03","1253.52","1270.04","1249.5","1268.68","0.00","550247808"
"NEPSE","2019-07-02","1242.83","1253.06","1238.77","1253.06","0.00","429477280"
"NEPSE","2019-07-01","1245.58","1245.68","1237.43","1241.61","0.00","364343808"
"NEPSE","2019-06-30","1258.31","1258.85","1244.81","1244.89","0.00","645099008"
"NEPSE","2019-06-27","1259.16","1260.43","1256.63","1257.15","0.00","627908800"
"NEPSE","2019-06-26","1261.1","1261.49","1255.45","1258.29","0.00","570123456"
"NEPSE","2019-06-25","1260.23","1264.52","1259.35","1261.07","0.00","364773344"
"NEPSE","2019-06-24","1254.67","1260.1","1253.01","1260.1","0.00","481492832"
"NEPSE","2019-06-23","1264.53","1264.53","1253.43","1254.35","0.00","481859744"
"NEPSE","2019-06-20","1258.9","1266.33","1257.93","1264.36","0.00","375315200"
"NEPSE","2019-06-19","1258.25","1262.11","1256.72","1258.46","0.00","304189632"
"NEPSE","2019-06-18","1261.04","1263.56","1258.36","1258.66","0.00","359411296"
"NEPSE","2019-06-17","1259.38","1264.97","1254.52","1260.9","0.00","403538144"
"NEPSE","2019-06-16","1271.18","1271.27","1256.85","1258.27","0.00","472520800"
"NEPSE","2019-06-13","1272.91","1274.83","1264.46","1269.55","0.00","418750016"
"NEPSE","2019-06-12","1276.09","1277.04","1267.17","1272.49","0.00","399464992"
"NEPSE","2019-06-11","1276.26","1281.32","1274.82","1275.99","0.00","459071008"
"NEPSE","2019-06-10","1285.49","1289.54","1274.62","1275.82","0.00","553347008"
"NEPSE","2019-06-06","1296.5","1296.8","1284.59","1284.59","0.00","579563008"
"NEPSE","2019-06-04","1292.86","1297.91","1286.37","1289.28","0.00","694590976"
"NEPSE","2019-06-03","1306.88","1308.63","1291.02","1292.84","0.00","664590016"
"NEPSE","2019-06-02","1317.91","1317.91","1304.53","1305.68","0.00","735995008"
"NEPSE","2019-05-30","1328.62","1349.38","1317.67","1319.47","0.00","1504460032"
"NEPSE","2019-05-29","1307.3","1315.16","1307.13","1313.88","0.00","884201024"
"NEPSE","2019-05-28","1304.22","1307.08","1300.45","1305.49","0.00","749068992"
"NEPSE","2019-05-27","1302.98","1309.9","1298.36","1302.96","0.00","499910016"
"NEPSE","2019-05-26","1315.97","1317.86","1301.32","1302.61","0.00","603897024"
"NEPSE","2019-05-23","1321.69","1324.15","1309.12","1314.55","0.00","913235968"
"NEPSE","2019-05-22","1314.94","1322.47","1314.82","1319.63","0.00","918484992"
"NEPSE","2019-05-21","1308.4","1317.79","1304.59","1312.14","0.00","796716992"
"NEPSE","2019-05-20","1319.21","1322.85","1305.43","1307.71","0.00","1164889984"
"NEPSE","2019-05-19","1319.33","1322.09","1312.81","1316.84","0.00","1055840000"
"NEPSE","2019-05-16","1322.68","1326.69","1313.93","1318.71","0.00","881396992"
"NEPSE","2019-05-15","1316.79","1334.06","1316.21","1321","0.00","1302630016"
"NEPSE","2019-05-14","1307.84","1321","1307.84","1315.45","0.00","1007529984"
"NEPSE","2019-05-13","1295.99","1301.68","1295.99","1301.34","0.00","775121984"
"NEPSE","2019-05-12","1292.12","1295.03","1284.17","1295.03","0.00","672155008"
"NEPSE","2019-05-09","1297.57","1302.62","1290.11","1291.96","0.00","605086976"
"NEPSE","2019-05-08","1301.39","1304.15","1295.32","1297.6","0.00","494902016"
"NEPSE","2019-05-07","1298.35","1311.18","1295.73","1301.28","0.00","699849024"
"NEPSE","2019-05-06","1278","1299.41","1270.06","1299.41","0.00","619564992"
"NEPSE","2019-05-05","1293.71","1293.71","1276.73","1277.68","0.00","628641024"
"NEPSE","2019-05-02","1298.8","1300.43","1282.95","1294.39","0.00","573145024"
"NEPSE","2019-04-30","1310.65","1316.53","1296.07","1298.6","0.00","913017984"
"NEPSE","2019-04-29","1318.44","1322.95","1299.09","1310.31","0.00","1160230016"
"NEPSE","2019-04-28","1293.77","1322.88","1293.77","1314.51","0.00","1616089984"
"NEPSE","2019-04-25","1279.67","1296.92","1279.67","1292.12","0.00","1335980032"
"NEPSE","2019-04-24","1265.11","1280.84","1261.69","1279.29","0.00","921345984"
"NEPSE","2019-04-23","1256.61","1268.32","1248.5","1260.68","0.00","561851008"
"NEPSE","2019-04-22","1264.77","1280.08","1247.65","1256.94","0.00","1000550016"
"NEPSE","2019-04-21","1232.53","1264.2","1230.22","1264.2","0.00","1004000000"
"NEPSE","2019-04-18","1217.11","1232.26","1214.95","1232.26","0.00","732081024"
"NEPSE","2019-04-17","1212.34","1223.42","1210.35","1217.04","0.00","803244992"
"NEPSE","2019-04-16","1187.73","1212.05","1187.73","1212.05","0.00","723990016"
"NEPSE","2019-04-15","1184.22","1188.71","1181.95","1188.71","0.00","289871008"
"NEPSE","2019-04-11","1184.29","1189.98","1180.18","1184.02","0.00","387624000"
"NEPSE","2019-04-10","1181.72","1187.98","1174.88","1184.61","0.00","358990016"
"NEPSE","2019-04-09","1191.78","1194.62","1180","1181.1","0.00","622529984"
"NEPSE","2019-04-08","1183.46","1197.88","1179.47","1191.68","0.00","864142976"
"NEPSE","2019-04-07","1164.94","1182.36","1161.66","1182.36","0.00","518228000"
"NEPSE","2019-04-04","1165.85","1169.87","1159.9","1165.2","0.00","386452000"
"NEPSE","2019-04-03","1163.71","1172.4","1158.79","1165.84","0.00","524422016"
"NEPSE","2019-04-02","1153.89","1164.41","1153.89","1163.82","0.00","472344992"
"NEPSE","2019-04-01","1142.65","1152.05","1142.06","1149.99","0.00","326448992"
"NEPSE","2019-03-31","1145.95","1149.81","1139.68","1143.09","0.00","241951008"
"NEPSE","2019-03-28","1142","1144.53","1140.56","1144.53","0.00","215416992"
"NEPSE","2019-03-27","1140.69","1142.81","1140.16","1142.61","0.00","208898000"
"NEPSE","2019-03-26","1138.86","1140.9","1136.7","1140.72","0.00","190316992"
"NEPSE","2019-03-25","1134.65","1139.71","1132.06","1138.67","0.00","216906000"
"NEPSE","2019-03-24","1141.33","1142.14","1131.14","1134.8","0.00","211912992"
"NEPSE","2019-03-21","1148.61","1150.3","1140","1140.6","0.00","248614000"
"NEPSE","2019-03-19","1155.72","1158.78","1147.15","1147.15","0.00","129145000"
"NEPSE","2019-03-18","1161.05","1164.62","1153.98","1153.98","0.00","279032000"
"NEPSE","2019-03-17","1156.18","1165.19","1156.18","1161.45","0.00","316537984"
"NEPSE","2019-03-14","1149.64","1156.19","1142.89","1155.5","0.00","263186000"
"NEPSE","2019-03-13","1157.85","1166.24","1150.1","1150.1","0.00","407008000"
"NEPSE","2019-03-12","1148.69","1163.26","1143.99","1163.26","0.00","513876992"
"NEPSE","2019-03-11","1129.51","1142.93","1125.94","1142.93","0.00","382284992"
"NEPSE","2019-03-10","1127.29","1129.41","1118.21","1128.71","0.00","102317000"
"NEPSE","2019-03-07","1112.45","1127.77","1112.45","1127.77","0.00","283819008"
"NEPSE","2019-03-06","1103.17","1111.76","1100.97","1111.76","0.00","211804992"
"NEPSE","2019-03-05","1100.95","1104.61","1098.95","1102.64","0.00","213340992"
"NEPSE","2019-03-03","1108.26","1108.84","1100.58","1100.58","0.00","221026000"
"NEPSE","2019-02-27","1103.65","1111.04","1103.17","1105.53","0.00","204516992"
"NEPSE","2019-02-26","1109.77","1110.22","1101.59","1102.56","0.00","149262000"
"NEPSE","2019-02-25","1102.45","1109.73","1100.13","1109.73","0.00","182428992"
"NEPSE","2019-02-24","1115.2","1115.25","1102.32","1102.32","0.00","193956992"
"NEPSE","2019-02-21","1113.6","1114.14","1110.15","1113.07","0.00","157692000"
"NEPSE","2019-02-20","1128.97","1128.97","1112.33","1112.23","0.00","154584000"
"NEPSE","2019-02-19","1103.35","1124.23","1102.3","1124.23","0.00","202684000"
"NEPSE","2019-02-18","1110.27","1111.14","1101.81","1102.51","0.00","208487008"
"NEPSE","2019-02-17","1117.7","1122.1","1107.92","1109.72","0.00","194344992"
"NEPSE","2019-02-14","1120.19","1120.3","1112.15","1112.87","0.00","231671008"
"NEPSE","2019-02-13","1129.86","1132.39","1121.08","1121.08","0.00","230651008"
"NEPSE","2019-02-12","1131.32","1132.5","1126.42","1128.19","0.00","156376000"
"NEPSE","2019-02-11","1126.46","1132.37","1124.51","1128.86","0.00","191024000"
"NEPSE","2019-02-10","1138.62","1138.86","1125.83","1127.53","0.00","228292000"
"NEPSE","2019-02-07","1139.29","1140.62","1137.14","1139.57","0.00","242260000"
"NEPSE","2019-02-06","1147.23","1147.31","1139.09","1139.72","0.00","226248992"
"NEPSE","2019-02-05","1143.58","1149.4","1143.39","1147.1","0.00","221967008"
"NEPSE","2019-02-04","1152.98","1155.08","1144.27","1144.27","0.00","322760992"
"NEPSE","2019-02-03","1160.57","1161.22","1152.16","1153.06","0.00","321743008"
"NEPSE","2019-01-31","1162.34","1163.86","1160.26","1161.63","0.00","268244992"
"NEPSE","2019-01-30","1160.53","1163.27","1159.35","1160.59","0.00","190572992"
"NEPSE","2019-01-29","1164.91","1165.09","1160.1","1160.99","0.00","259283008"
"NEPSE","2019-01-28","1162.94","1164.89","1161.48","1164.89","0.00","203579008"
"NEPSE","2019-01-27","1171.35","1171.72","1160.84","1160.84","0.00","306070016"
"NEPSE","2019-01-24","1172.27","1175.42","1170.54","1172.78","0.00","306295008"
"NEPSE","2019-01-23","1168.14","1172.98","1167.99","1172.98","0.00","238475008"
"NEPSE","2019-01-22","1164.56","1172.03","1163.58","1168.83","0.00","277291008"
"NEPSE","2019-01-21","1175.68","1175.68","1167.69","1167.69","0.00","335558016"
"NEPSE","2019-01-20","1190.67","1191.41","1177.02","1179.17","0.00","361756992"
"NEPSE","2019-01-17","1190.66","1190.66","1186.52","1187.77","0.00","281347008"
"NEPSE","2019-01-16","1195.54","1200.32","1187.97","1187.97","0.00","474423008"
"NEPSE","2019-01-15","1180.98","1195.54","1180.78","1195.54","0.00","391993984"
"NEPSE","2019-01-14","1175.05","1179","1175","1178.03","0.00","259270000"
"NEPSE","2019-01-13","1181.53","1182.44","1173.46","1175.05","0.00","353560000"
"NEPSE","2019-01-10","1179.36","1183.19","1179.36","1180.84","0.00","344812992"
"NEPSE","2019-01-09","1177.87","1177.07","1183.12","1179.36","0.00","275980992"
"NEPSE","2019-01-08","1177.87","1180.85","1177.15","1177.07","0.00","332627008"
"NEPSE","2019-01-07","1170.72","1181.17","1170.36","1177.46","0.00","322203008"
"NEPSE","2019-01-06","1178.25","1181.58","1170.11","1170.79","0.00","298870016"
"NEPSE","2019-01-03","1180.47","1184.95","1178.06","1178.87","0.00","262468000"
"NEPSE","2019-01-02","1185.91","1186.9","1180.43","1180.43","0.00","246231008"